HID;PID;TIME_PERIOD;REF_AREA;DIARY;DDV1;DDV1A;DDV2;DDV3;DDV4;DDV5A;DDV5B;DDV5C;DDV5D;DDV5E;DDV6;DDV7;DDV8A;DDV8B;WGHT1;DATA_COLLECTION_MODE
10002;1;2020;AT;1;4;1;5;1;2022;511;321;311;3;1;1;3;1;-1;1256,5828874585800;1
10002;1;2020;AT;2;1;2;9;1;2022;344;321;311;3;2;1;3;1;-1;586,4053474806690;1
10002;2;2020;AT;1;4;1;5;1;2022;531;32;361;2;2;1;4;1;-1;1256,5828874585800;1
10002;2;2020;AT;2;1;2;9;1;2022;344;324;352;3;2;1;4;1;-1;586,4053474806690;1
10021;1;2020;AT;1;5;2;6;1;2022;21;331;960;3;1;1;3;2;100;1185,9874207842599;1
10021;1;2020;AT;2;1;2;9;1;2022;31;331;111;2;1;1;1;1;-1;1185,9874207842599;1
10021;2;2020;AT;1;5;2;6;1;2022;960;212;212;3;1;1;3;2;4;1185,9874207842599;1
10021;2;2020;AT;2;1;2;9;1;2022;613;321;311;3;1;1;3;2;40;1185,9874207842599;1
10040;1;2020;AT;1;2;1;13;12;2021;344;311;111;4;1;1;1;1;-1;1137,0161653079599;1
10040;1;2020;AT;2;7;2;18;12;2021;321;332;311;5;1;1;3;1;-1;530,6075438103830;1
10040;2;2020;AT;1;2;1;13;12;2021;531;111;21;4;1;1;1;1;-1;1137,0161653079599;1
10040;2;2020;AT;2;7;2;18;12;2021;613;325;324;5;1;1;3;1;-1;530,6075438103830;1
10065;1;2020;AT;1;5;1;13;1;2022;311;995;995;2;1;2;-1;1;-1;1236,3618176954601;1
10065;1;2020;AT;2;7;2;15;1;2022;11;995;323;3;2;2;-1;1;-1;576,9688482578820;1
10065;2;2020;AT;1;5;1;13;1;2022;811;32;111;2;1;1;1;1;-1;1236,3618176954601;1
10065;2;2020;AT;2;7;2;15;1;2022;831;323;323;1;1;1;3;1;-1;576,9688482578820;1
10076;1;2020;AT;1;4;1;10;11;2021;39;729;361;1;1;2;-1;1;-1;376,3769126732090;1
10076;1;2020;AT;2;1;2;14;11;2021;39;531;311;1;1;2;-1;1;-1;175,6425592474970;1
10076;2;2020;AT;1;4;1;10;11;2021;21;111;111;2;2;1;1;1;-1;376,3769126732090;1
10076;2;2020;AT;2;1;2;14;11;2021;39;343;321;1;1;1;3;1;-1;175,6425592474970;1
10083;1;2020;AT;1;5;1;27;1;2022;111;910;311;1;1;2;-1;1;-1;918,1787433624560;1
10083;1;2020;AT;2;1;2;30;1;2022;611;332;324;1;1;2;-1;2;35;428,4834135691460;1
10083;2;2020;AT;1;5;1;27;1;2022;613;939;939;1;1;2;-1;2;40;918,1787433624560;1
10083;2;2020;AT;2;1;2;30;1;2022;21;821;611;1;1;2;-1;2;35;428,4834135691460;1
10098;1;2020;AT;1;2;1;6;12;2021;21;421;311;3;2;1;6;1;-1;517,9078949510950;1
10098;1;2020;AT;2;1;2;12;12;2021;11;361;429;1;1;1;3;1;-1;241,6903509771780;1
10098;2;2020;AT;1;2;1;6;12;2021;31;615;311;4;1;1;3;1;-1;517,9078949510950;1
10098;2;2020;AT;2;1;2;12;12;2021;531;619;429;3;1;1;3;1;-1;241,6903509771780;1
10106;1;2020;AT;1;4;1;17;11;2021;31;371;111;2;2;1;-9;1;-1;271,7253838695790;1
10106;1;2020;AT;2;7;2;20;11;2021;21;324;361;1;1;1;3;1;-1;126,8051791391370;1
10106;2;2020;AT;1;4;1;24;11;2021;381;111;111;3;1;1;1;1;-1;271,7253838695790;1
10106;2;2020;AT;2;7;2;20;11;2021;21;341;311;1;1;1;3;1;-1;126,8051791391370;1
10109;1;2020;AT;1;6;2;31;12;2021;21;31;513;1;1;2;-1;1;-1;329,3459198871540;1
10109;1;2020;AT;2;7;2;1;1;2022;21;321;321;1;2;2;-1;1;-1;329,3459198871540;1
10109;2;2020;AT;1;6;2;31;12;2021;344;429;513;1;2;2;-1;1;-1;329,3459198871540;1
10109;2;2020;AT;2;7;2;1;1;2022;11;821;429;1;2;2;-1;1;-1;329,3459198871540;1
10139;1;2020;AT;1;3;1;14;12;2021;383;381;381;2;2;1;3;1;-1;322,4713228181380;1
10139;1;2020;AT;2;7;2;18;12;2021;381;381;381;2;2;1;3;1;-1;150,4866173151310;1
10139;2;2020;AT;1;3;1;14;12;2021;383;32;900;3;2;1;6;1;-1;322,4713228181380;1
10139;2;2020;AT;2;7;2;18;12;2021;383;321;361;1;2;1;4;1;-1;150,4866173151310;1
10147;1;2020;AT;1;4;1;29;12;2021;512;-9;-9;1;1;2;-1;2;190;1634,8776049647199;2
10147;1;2020;AT;2;7;2;1;1;2022;11;311;900;2;1;2;-1;-9;-1;762,9428823168670;2
10147;2;2020;AT;1;4;1;29;12;2021;-9;-9;-9;1;-8;2;-1;2;190;1634,8776049647199;2
10147;2;2020;AT;2;7;2;1;1;2022;-9;-9;-9;-8;1;2;-1;-9;-1;762,9428823168670;2
10158;1;2020;AT;1;6;1;3;12;2021;821;381;381;1;1;1;1;1;-1;356,5193716028580;1
10158;1;2020;AT;2;7;2;4;12;2021;512;322;361;1;2;1;3;1;-1;166,3757067480000;1
10158;2;2020;AT;1;6;1;3;12;2021;735;32;32;3;2;1;3;1;-1;356,5193716028580;1
10158;2;2020;AT;2;7;2;4;12;2021;512;910;21;2;1;1;1;1;-1;166,3757067480000;1
10163;1;2020;AT;1;6;2;31;12;2021;819;-9;-9;2;1;2;-1;1;-1;268,9231167161020;2
10163;1;2020;AT;2;1;2;2;1;2022;-9;111;-9;2;2;2;-1;1;-1;268,9231167161020;2
10163;2;2020;AT;1;6;2;31;12;2021;819;-9;-9;2;1;2;-1;1;-1;268,9231167161020;2
10163;2;2020;AT;2;1;2;2;1;2022;512;-9;-9;2;1;2;-1;1;-1;268,9231167161020;2
10172;1;2020;AT;1;5;2;6;1;2022;383;321;311;1;1;1;3;1;-1;341,1409910619940;1
10172;1;2020;AT;2;7;2;8;1;2022;321;21;361;1;2;1;3;1;-1;341,1409910619940;1
10172;2;2020;AT;1;5;2;6;1;2022;21;111;111;3;1;1;6;1;-1;341,1409910619940;1
10172;2;2020;AT;2;7;2;8;1;2022;21;111;31;3;1;1;1;1;-1;341,1409910619940;1
10187;1;2020;AT;1;3;1;21;12;2021;344;332;939;2;1;1;5;1;-1;279,7580160686690;1
10187;1;2020;AT;2;7;2;25;12;2021;344;31;321;3;1;1;5;1;-1;130,5537408320460;1
10187;2;2020;AT;1;3;1;21;12;2021;812;32;900;2;1;2;-1;1;-1;279,7580160686690;1
10187;2;2020;AT;2;7;2;25;12;2021;731;11;719;2;1;2;-1;1;-1;130,5537408320460;1
10263;1;2020;AT;1;3;1;30;11;2021;821;322;111;2;2;1;1;1;-1;257,3060785467140;1
10263;1;2020;AT;2;1;2;5;12;2021;831;322;425;3;1;1;3;1;-1;120,0761699884670;1
10263;2;2020;AT;1;3;1;30;11;2021;21;910;111;3;1;1;1;1;-1;257,3060785467140;1
10263;2;2020;AT;2;1;2;5;12;2021;352;321;311;2;2;1;3;1;-1;120,0761699884670;1
10278;1;2020;AT;1;6;1;3;12;2021;821;321;-9;1;1;2;-1;1;-1;471,4295872584090;2
10278;1;2020;AT;2;7;2;4;12;2021;821;-9;-9;1;1;2;-1;-9;-1;220,0004740539240;2
10278;2;2020;AT;1;6;1;3;12;2021;821;-9;-9;1;1;2;-1;-9;-1;471,4295872584090;2
10278;2;2020;AT;2;7;2;4;12;2021;821;-9;-9;1;1;2;-1;-9;-1;220,0004740539240;2
10294;1;2020;AT;1;6;2;24;12;2021;513;381;381;1;2;1;3;1;-1;197,7815020547390;1
10294;1;2020;AT;2;1;2;26;12;2021;11;381;381;1;2;1;3;1;-1;197,7815020547390;1
10294;2;2020;AT;1;6;2;24;12;2021;513;321;21;1;2;1;3;1;-1;197,7815020547390;1
10294;2;2020;AT;2;1;2;26;12;2021;21;321;321;3;2;1;3;1;-1;197,7815020547390;1
10343;1;2020;AT;1;3;1;1;2;2022;342;353;353;3;1;2;-1;1;-1;1239,8939676580401;1
10343;1;2020;AT;2;1;2;6;2;2022;512;821;21;3;1;2;-1;1;-1;578,6171849070870;1
10343;2;2020;AT;1;3;1;1;2;2022;615;321;311;3;1;2;-1;1;-1;1239,8939676580401;1
10343;2;2020;AT;2;1;2;6;2;2022;512;321;311;3;1;2;-1;1;-1;578,6171849070870;1
10367;1;2020;AT;1;6;1;4;3;2022;511;361;111;1;1;1;1;1;-1;1807,0487390025401;1
10367;1;2020;AT;2;1;2;6;3;2022;611;531;531;1;1;1;3;1;-1;843,2894115345190;1
10367;2;2020;AT;1;6;1;4;3;2022;732;111;910;1;1;1;1;1;-1;1807,0487390025401;1
10367;2;2020;AT;2;1;2;6;3;2022;732;321;353;3;1;1;3;1;-1;843,2894115345190;1
10376;1;2020;AT;1;2;1;17;1;2022;21;111;111;3;2;1;1;1;-1;852,8630961757140;1
10376;1;2020;AT;2;7;2;22;1;2022;21;900;361;5;1;1;3;1;-1;398,0027782153330;1
10376;2;2020;AT;1;2;1;17;1;2022;821;111;111;2;1;1;1;1;-1;852,8630961757140;1
10376;2;2020;AT;2;7;2;22;1;2022;733;361;361;4;1;1;3;1;-1;398,0027782153330;1
10378;1;2020;AT;1;4;1;19;1;2022;613;111;21;3;1;1;1;2;8;730,3701855770080;1
10378;1;2020;AT;2;7;2;22;1;2022;613;321;311;3;1;1;3;2;80;340,8394199359370;1
10378;2;2020;AT;1;4;1;19;1;2022;821;910;111;3;1;1;1;1;-1;730,3701855770080;1
10378;2;2020;AT;2;7;2;22;1;2022;31;31;31;1;1;1;3;2;80;340,8394199359370;1
10424;1;2020;AT;1;4;1;23;2;2022;522;831;31;1;1;1;1;1;-1;1406,2607867218701;2
10424;1;2020;AT;2;1;2;27;2;2022;21;-9;-9;1;1;1;3;1;-1;656,2550338035400;2
10424;2;2020;AT;1;4;1;23;2;2022;522;-9;111;2;1;1;1;1;-1;1406,2607867218701;2
10424;2;2020;AT;2;1;2;27;2;2022;31;-9;-9;1;1;1;-9;1;-1;656,2550338035400;2
10428;1;2020;AT;1;6;1;25;2;2022;344;821;311;2;1;1;1;1;-1;2196,2361671359299;1
10428;1;2020;AT;2;7;2;26;2;2022;344;900;344;3;1;1;3;1;-1;1024,9102113301001;1
10428;3;2020;AT;1;6;1;25;2;2022;121;111;111;2;1;1;1;1;-1;2196,2361671359299;1
10428;3;2020;AT;2;7;2;26;2;2022;341;361;361;3;1;1;3;1;-1;1024,9102113301001;1
10453;1;2020;AT;1;4;1;30;3;2022;819;31;111;2;1;1;1;1;-1;1130,9390489212501;1
10453;1;2020;AT;2;7;2;2;4;2022;910;515;515;4;2;1;1;1;-1;527,7715561632500;1
10453;2;2020;AT;1;4;1;6;4;2022;311;361;351;2;1;2;-1;1;-1;1130,9390489212501;1
10453;2;2020;AT;2;7;2;2;4;2022;512;354;936;2;2;2;-1;1;-1;527,7715561632500;1
10477;1;2020;AT;1;2;1;11;4;2022;341;341;512;1;1;2;-1;1;-1;461,1875929297560;1
10477;1;2020;AT;2;7;2;16;4;2022;11;-9;531;1;2;2;-1;2;40;215,2208767005530;1
10477;2;2020;AT;1;2;1;11;4;2022;361;325;531;1;1;2;-1;2;25;461,1875929297560;1
10477;2;2020;AT;2;7;2;16;4;2022;21;821;361;3;2;2;-1;2;40;215,2208767005530;1
10492;1;2020;AT;1;2;1;21;3;2022;812;514;936;3;1;2;-1;1;-1;990,3963703552760;1
10492;1;2020;AT;2;1;2;27;3;2022;732;324;31;1;1;2;-1;1;-1;462,1849728324620;1
10492;2;2020;AT;1;2;1;21;3;2022;341;331;361;3;1;2;-1;1;-1;990,3963703552760;1
10492;2;2020;AT;2;1;2;27;3;2022;732;324;311;1;1;2;-1;1;-1;462,1849728324620;1
10493;1;2020;AT;1;3;1;12;4;2022;615;331;910;3;1;1;1;1;-1;599,3017883238730;1
10493;1;2020;AT;2;7;2;16;4;2022;615;513;950;2;2;1;6;1;-1;279,6741678844740;1
10493;2;2020;AT;1;3;1;12;4;2022;514;31;910;3;1;1;1;1;-1;599,3017883238730;1
10493;2;2020;AT;2;7;2;16;4;2022;513;940;940;3;2;1;6;1;-1;279,6741678844740;1
10503;1;2020;AT;1;6;1;11;2;2022;619;321;-9;2;1;2;-1;1;-1;986,8480325531850;2
10503;1;2020;AT;2;1;2;13;2;2022;619;-9;-9;2;1;2;-1;1;-1;460,5290818581530;2
10503;2;2020;AT;1;6;1;11;2;2022;731;352;-9;2;2;2;-1;1;-1;986,8480325531850;2
10503;2;2020;AT;2;1;2;13;2;2022;821;-9;-9;2;2;2;-1;1;-1;460,5290818581530;2
10509;1;2020;AT;1;2;1;14;3;2022;121;111;111;4;1;1;1;1;-1;2210,9857252846500;1
10509;1;2020;AT;2;1;2;20;3;2022;21;11;11;2;1;1;3;1;-1;1031,7933384661701;1
10509;2;2020;AT;1;2;1;14;3;2022;21;111;332;1;1;1;1;1;-1;2210,9857252846500;1
10509;2;2020;AT;2;1;2;20;3;2022;21;321;11;1;1;1;3;2;8;1031,7933384661701;1
10515;1;2020;AT;1;5;1;24;3;2022;-9;-9;-9;1;1;2;-1;1;-1;1532,6968378388499;2
10515;1;2020;AT;2;1;2;27;3;2022;-9;-9;-9;2;1;2;-1;2;24;715,2585243247950;2
10515;2;2020;AT;1;5;1;24;3;2022;-9;-9;-9;2;1;2;-1;1;-1;1532,6968378388499;2
10515;2;2020;AT;2;1;2;27;3;2022;-9;-9;-9;1;1;2;-1;2;24;715,2585243247950;2
10524;1;2020;AT;1;4;1;2;3;2022;513;321;111;3;2;1;1;1;-1;748,9679977052290;1
10524;1;2020;AT;2;1;2;6;3;2022;21;331;381;3;1;1;3;1;-1;349,5183989291070;1
10524;2;2020;AT;1;4;1;2;3;2022;513;392;111;4;1;1;1;1;-1;748,9679977052290;1
10524;2;2020;AT;2;1;2;6;3;2022;383;382;382;4;1;1;6;2;10;349,5183989291070;1
10531;1;2020;AT;1;3;1;29;3;2022;733;32;900;3;1;1;4;1;-1;560,8336863134480;1
10531;1;2020;AT;2;7;2;2;4;2022;383;324;311;2;2;1;4;1;-1;261,7223869462760;1
10531;2;2020;AT;1;3;1;29;3;2022;361;331;382;3;1;1;3;1;-1;560,8336863134480;1
10531;2;2020;AT;2;7;2;2;4;2022;821;111;111;4;1;1;1;1;-1;261,7223869462760;1
10538;1;2020;AT;1;5;1;7;4;2022;611;332;-9;2;1;2;-1;1;-1;669,6871359287090;2
10538;1;2020;AT;2;1;2;10;4;2022;611;311;311;2;2;2;-1;1;-1;312,5206634333970;2
10538;2;2020;AT;1;5;1;7;4;2022;611;433;-9;3;1;2;-1;1;-1;669,6871359287090;2
10538;2;2020;AT;2;1;2;10;4;2022;512;511;-9;2;2;2;-1;1;-1;312,5206634333970;2
10555;1;2020;AT;1;4;1;13;4;2022;614;371;361;3;1;1;6;1;-1;1175,0661037946199;1
10555;1;2020;AT;2;1;2;17;4;2022;612;331;514;1;1;1;3;1;-1;548,3641817708220;1
10555;2;2020;AT;1;4;1;27;4;2022;311;111;910;3;1;1;1;1;-1;1175,0661037946199;1
10555;2;2020;AT;2;1;2;17;4;2022;21;321;311;3;2;1;3;1;-1;548,3641817708220;1
10567;1;2020;AT;1;5;1;3;3;2022;821;111;121;2;1;1;1;1;-1;683,7567484427429;1
10567;1;2020;AT;2;1;2;6;3;2022;21;321;732;2;1;1;3;1;-1;319,0864826066130;1
10567;2;2020;AT;1;5;1;3;3;2022;111;11;821;1;1;1;1;1;-1;683,7567484427429;1
10567;2;2020;AT;2;1;2;6;3;2022;11;321;321;2;1;1;-9;1;-1;319,0864826066130;1
10571;1;2020;AT;1;2;2;18;4;2022;21;11;31;4;2;1;6;1;-1;323,5385493168710;1
10571;1;2020;AT;2;7;2;23;4;2022;21;342;341;3;1;1;3;1;-1;323,5385493168710;1
10571;2;2020;AT;1;2;2;18;4;2022;11;821;821;3;2;1;6;1;-1;323,5385493168710;1
10571;2;2020;AT;2;7;2;23;4;2022;519;351;519;1;1;1;5;1;-1;323,5385493168710;1
10584;1;2020;AT;1;6;1;4;3;2022;344;936;936;1;1;2;-1;1;-1;612,3202733885880;1
10584;1;2020;AT;2;1;2;6;3;2022;611;322;311;1;1;2;-1;2;15;285,7494609146750;1
10584;2;2020;AT;1;6;1;4;3;2022;713;936;936;1;1;2;-1;1;-1;612,3202733885880;1
10584;2;2020;AT;2;1;2;6;3;2022;611;300;311;1;1;2;-1;2;15;285,7494609146750;1
10592;1;2020;AT;1;4;1;9;2;2022;821;12;311;5;2;1;4;1;-1;1033,3324270984101;1
10592;1;2020;AT;2;1;2;13;2;2022;821;12;321;4;2;1;4;1;-1;482,2217993125940;1
10592;2;2020;AT;1;4;1;9;2;2022;615;321;938;2;1;2;-1;1;-1;1033,3324270984101;1
10592;2;2020;AT;2;1;2;13;2;2022;812;12;311;4;2;2;-1;1;-1;482,2217993125940;1
10657;1;2020;AT;1;2;1;25;4;2022;21;111;111;2;1;1;1;1;-1;516,1421039409690;1
10657;1;2020;AT;2;1;2;1;5;2022;980;371;342;3;2;1;3;2;16;240,8663151724520;1
10657;2;2020;AT;1;2;1;25;4;2022;21;32;32;2;1;2;-1;1;-1;516,1421039409690;1
10657;2;2020;AT;2;1;2;1;5;2022;980;342;342;3;2;2;-1;2;16;240,8663151724520;1
10693;1;2020;AT;1;2;1;7;2;2022;11;-9;21;1;1;2;-1;1;-1;1513,4330227765699;1
10693;1;2020;AT;2;1;2;13;2;2022;900;31;31;1;1;2;-1;1;-1;706,2687439623980;1
10693;2;2020;AT;1;2;1;7;2;2022;531;361;321;3;1;2;-1;1;-1;1513,4330227765699;1
10693;2;2020;AT;2;1;2;13;2;2022;519;321;900;1;2;2;-1;1;-1;706,2687439623980;1
10724;1;2020;AT;1;6;1;29;4;2022;383;325;361;1;2;1;3;2;20;414,0490431460760;1
10724;1;2020;AT;2;1;2;1;5;2022;821;324;371;3;1;1;3;1;-1;193,2228868015020;1
10724;2;2020;AT;1;6;1;29;4;2022;383;324;938;3;1;1;3;2;10;414,0490431460760;1
10724;2;2020;AT;2;1;2;1;5;2022;383;311;381;3;1;1;6;1;-1;193,2228868015020;1
10725;1;2020;AT;1;4;1;29;6;2022;21;-8;-9;2;1;2;-1;1;-1;589,2604101902720;1
10725;1;2020;AT;2;1;2;3;7;2022;512;411;-9;2;1;2;-1;2;25;274,9881914221270;1
10725;2;2020;AT;1;4;1;29;6;2022;616;371;111;2;1;1;1;1;-1;589,2604101902720;1
10725;2;2020;AT;2;1;2;3;7;2022;21;311;-8;3;1;1;3;1;-1;274,9881914221270;1
10751;1;2020;AT;1;6;1;13;5;2022;611;111;111;3;1;1;6;1;-1;672,1817462142210;1
10751;1;2020;AT;2;1;2;15;5;2022;39;960;960;3;2;1;3;2;25;313,6848148999700;1
10751;2;2020;AT;1;6;1;13;5;2022;519;515;324;3;1;1;6;1;-1;672,1817462142210;1
10751;2;2020;AT;2;1;2;15;5;2022;39;324;324;3;1;1;3;1;-1;313,6848148999700;1
10792;1;2020;AT;1;2;1;25;4;2022;512;321;-9;3;2;2;-1;1;-1;368,8655215253130;1
10792;1;2020;AT;2;3;1;26;4;2022;361;321;361;2;2;2;-1;1;-1;368,8655215253130;1
10792;2;2020;AT;1;2;1;25;4;2022;21;729;111;3;1;1;1;1;-1;368,8655215253130;1
10792;2;2020;AT;2;3;1;26;4;2022;513;729;111;3;1;1;1;1;-1;368,8655215253130;1
10800;1;2020;AT;1;5;1;28;4;2022;615;361;111;3;1;1;1;1;-1;342,6732211758560;1
10800;1;2020;AT;2;7;2;30;4;2022;39;311;311;3;2;1;3;1;-1;159,9141698820660;1
10800;2;2020;AT;1;5;1;28;4;2022;613;631;631;1;2;2;-1;2;100;342,6732211758560;1
10800;2;2020;AT;2;7;2;30;4;2022;311;321;321;1;2;2;-1;1;-1;159,9141698820660;1
10802;1;2020;AT;1;5;1;2;6;2022;21;910;910;1;2;1;1;2;50;1415,0807375269801;1
10802;1;2020;AT;2;1;2;5;6;2022;31;312;324;1;2;1;3;1;-1;660,3710108459260;1
10802;2;2020;AT;1;5;2;16;6;2022;511;321;514;3;2;1;3;1;-1;1037,7258741864500;1
10802;2;2020;AT;2;1;2;5;6;2022;519;321;900;3;2;1;3;2;80;1037,7258741864500;1
10807;1;2020;AT;1;2;1;27;6;2022;529;331;111;2;1;1;1;1;-1;335,5857280949240;1
10807;1;2020;AT;2;5;1;30;6;2022;21;111;910;2;1;1;1;1;-1;335,5857280949240;1
10807;2;2020;AT;1;2;1;27;6;2022;519;111;111;2;1;1;1;1;-1;335,5857280949240;1
10807;2;2020;AT;2;5;1;30;6;2022;21;910;111;2;1;1;1;1;-1;335,5857280949240;1
10814;1;2020;AT;1;4;1;6;7;2022;432;940;111;3;1;1;1;2;200;497,5779451483240;1
10814;1;2020;AT;2;1;2;10;7;2022;432;960;432;1;1;1;3;2;20;232,2030410692180;1
10814;2;2020;AT;1;4;1;6;7;2022;432;111;111;2;1;1;1;1;-1;497,5779451483240;1
10814;2;2020;AT;2;1;2;10;7;2022;432;960;21;1;1;1;3;2;20;232,2030410692180;1
10819;1;2020;AT;1;4;1;1;6;2022;21;111;111;3;1;1;1;1;-1;799,8645414649960;1
10819;1;2020;AT;2;7;2;11;6;2022;21;352;352;3;1;1;6;1;-1;373,2701193503320;1
10819;2;2020;AT;1;4;1;1;6;2022;383;111;910;3;1;1;1;1;-1;799,8645414649960;1
10819;2;2020;AT;2;7;2;11;6;2022;531;324;361;1;1;1;6;1;-1;373,2701193503320;1
10881;1;2020;AT;1;2;1;25;4;2022;211;212;311;1;1;2;-1;1;-1;362,2851728306120;1
10881;1;2020;AT;2;1;2;1;5;2022;529;32;32;3;2;2;-1;1;-1;169,0664139876190;1
10881;2;2020;AT;1;2;1;25;4;2022;511;324;111;3;1;1;1;1;-1;362,2851728306120;1
10881;2;2020;AT;2;1;2;1;5;2022;39;529;711;3;2;1;3;2;120;169,0664139876190;1
10895;1;2020;AT;1;5;1;12;5;2022;811;424;940;3;1;2;-1;1;-1;558,9533745310530;1
10895;1;2020;AT;2;7;2;14;5;2022;811;354;811;3;1;2;-1;2;45;260,8449081144910;1
10895;2;2020;AT;1;5;1;12;5;2022;21;312;341;3;1;2;-1;1;-1;558,9533745310530;1
10895;2;2020;AT;2;7;2;14;5;2022;613;11;311;3;1;2;-1;2;45;260,8449081144910;1
10897;1;2020;AT;1;2;2;6;6;2022;732;361;361;1;2;2;-1;2;15;254,8400244402790;1
10897;1;2020;AT;2;4;1;8;6;2022;512;321;515;1;2;2;-1;2;15;546,0857666577410;1
10897;2;2020;AT;1;2;2;6;6;2022;341;950;311;1;2;2;-1;2;15;254,8400244402790;1
10897;2;2020;AT;2;4;1;8;6;2022;512;821;311;1;2;2;-1;2;15;546,0857666577410;1
10900;1;2020;AT;1;3;1;28;6;2022;-9;-9;-9;2;1;2;-1;1;-1;1276,6506990081100;2
10900;1;2020;AT;2;7;2;2;7;2022;613;-9;-9;1;2;2;-1;2;150;595,7703262037850;2
10900;2;2020;AT;1;3;1;28;6;2022;-9;-9;-9;-8;-8;2;-1;-9;-1;1276,6506990081100;2
10900;2;2020;AT;2;7;2;2;7;2022;616;321;-9;2;2;2;-1;1;-1;595,7703262037850;2
10904;1;2020;AT;1;5;1;9;6;2022;21;32;341;2;1;2;-1;1;-1;690,4784241935520;2
10904;1;2020;AT;2;1;2;12;6;2022;-9;-9;-9;1;2;2;-1;1;-1;322,2232646236580;2
10904;2;2020;AT;1;5;1;9;6;2022;616;910;111;3;1;1;1;1;-1;690,4784241935520;2
10904;2;2020;AT;2;1;2;12;6;2022;519;-9;-9;1;2;1;6;1;-1;322,2232646236580;2
10921;1;2020;AT;1;3;1;26;4;2022;812;111;910;3;1;1;1;1;-1;563,3567184830860;1
10921;1;2020;AT;2;1;2;1;5;2022;732;300;311;1;1;1;3;1;-1;262,8998019587730;1
10921;2;2020;AT;1;3;1;26;4;2022;619;910;111;3;1;1;1;1;-1;563,3567184830860;1
10921;2;2020;AT;2;1;2;1;5;2022;732;950;950;1;1;1;3;1;-1;262,8998019587730;1
10957;1;2020;AT;1;6;1;12;8;2022;341;-9;-9;1;-8;1;6;-9;-1;1422,9207286916201;2
10957;1;2020;AT;2;7;2;13;8;2022;21;332;-9;1;2;1;3;-9;-1;664,0296733894240;2
10957;2;2020;AT;1;6;1;12;8;2022;-9;111;-9;3;1;1;1;-9;-1;1422,9207286916201;2
10957;2;2020;AT;2;7;2;13;8;2022;21;111;-9;1;2;1;3;1;-1;664,0296733894240;2
10967;1;2020;AT;1;3;1;24;5;2022;612;321;111;3;1;1;1;1;-1;491,3360283755860;1
10967;1;2020;AT;2;1;2;29;5;2022;611;321;321;1;1;1;3;1;-1;229,2901465752740;1
10967;2;2020;AT;1;3;1;24;5;2022;21;321;111;3;1;1;1;1;-1;491,3360283755860;1
10967;2;2020;AT;2;1;2;29;5;2022;21;321;341;1;1;1;3;2;100;229,2901465752740;1
10978;1;2020;AT;1;5;1;2;6;2022;719;11;11;2;1;2;-1;1;-1;1903,9034906666900;1
10978;1;2020;AT;2;7;2;4;6;2022;31;21;341;2;1;2;-1;1;-1;888,4882956444540;1
10978;2;2020;AT;1;5;1;2;6;2022;11;611;611;2;1;2;-1;1;-1;1903,9034906666900;1
10978;2;2020;AT;2;7;2;4;6;2022;11;611;611;2;1;2;-1;1;-1;888,4882956444540;1
10983;1;2020;AT;1;4;1;4;5;2022;21;312;111;2;1;1;1;1;-1;398,9600627918050;1
10983;1;2020;AT;2;7;2;7;5;2022;21;311;910;3;1;1;1;1;-1;186,1813626361760;1
10983;2;2020;AT;1;4;1;4;5;2022;341;362;362;4;2;1;6;1;-1;398,9600627918050;1
10983;2;2020;AT;2;7;2;7;5;2022;613;111;31;3;1;1;1;1;-1;186,1813626361760;1
11007;1;2020;AT;1;3;1;14;6;2022;341;615;-9;2;1;2;-1;1;-1;556,1401461865720;2
11007;1;2020;AT;2;5;2;16;6;2022;531;-9;-9;1;1;2;-1;1;-1;259,5320682204000;2
11007;2;2020;AT;1;3;1;14;6;2022;21;821;-9;1;1;2;-1;1;-1;556,1401461865720;2
11007;2;2020;AT;2;5;2;16;6;2022;531;11;-9;1;1;2;-1;1;-1;259,5320682204000;2
11018;1;2020;AT;1;6;1;17;6;2022;519;-9;-9;2;1;1;1;1;-1;1507,0483355141801;2
11018;1;2020;AT;2;7;2;18;6;2022;-9;-9;-9;2;1;1;1;-9;-1;703,2892232399490;2
11018;2;2020;AT;1;6;1;17;6;2022;-9;382;-9;1;1;1;1;-9;-1;1507,0483355141801;2
11018;2;2020;AT;2;7;2;18;6;2022;111;111;111;3;2;1;3;-9;-1;703,2892232399490;2
11041;1;2020;AT;1;5;1;9;6;2022;611;321;111;2;1;1;1;1;-1;424,2477157582360;2
11041;1;2020;AT;2;6;1;10;6;2022;611;-9;-9;2;1;1;1;-9;-1;424,2477157582360;2
11041;2;2020;AT;1;5;1;9;6;2022;361;321;311;3;1;1;3;1;-1;424,2477157582360;2
11041;2;2020;AT;2;6;1;10;6;2022;-9;111;111;4;1;1;1;1;-1;424,2477157582360;2
11044;1;2020;AT;1;6;1;10;6;2022;531;312;111;3;2;1;1;1;-1;566,2303742025400;1
11044;1;2020;AT;2;1;2;12;6;2022;513;311;311;1;1;1;3;1;-1;264,2408412945190;1
11044;2;2020;AT;1;6;1;10;6;2022;531;910;111;3;2;1;1;4;180;566,2303742025400;1
11044;2;2020;AT;2;1;2;12;6;2022;311;311;939;2;1;1;3;1;-1;264,2408412945190;1
11059;1;2020;AT;1;5;1;21;7;2022;21;-9;311;2;2;2;-1;1;-1;765,4566753871010;2
11059;1;2020;AT;2;1;2;31;7;2022;531;332;-9;2;1;2;-1;1;-1;357,2131151806470;2
11059;2;2020;AT;1;5;1;21;7;2022;21;32;900;3;1;2;-1;1;-1;765,4566753871010;2
11059;2;2020;AT;2;1;2;31;7;2022;11;411;-9;1;2;2;-1;1;-1;357,2131151806470;2
11104;1;2020;AT;1;6;1;15;7;2022;11;31;324;3;1;2;-1;1;-1;678,7793400741100;1
11104;1;2020;AT;2;1;2;17;7;2022;900;31;21;3;1;2;-1;2;120;316,7636920345850;1
11104;2;2020;AT;1;6;1;15;7;2022;21;31;900;3;1;2;-1;1;-1;678,7793400741100;1
11104;2;2020;AT;2;1;2;17;7;2022;21;515;515;3;1;2;-1;2;120;316,7636920345850;1
11105;1;2020;AT;1;5;1;12;5;2022;31;910;111;2;1;1;1;1;-1;800,0193884831100;1
11105;1;2020;AT;2;7;2;14;5;2022;511;331;31;1;1;1;3;1;-1;373,3423812921180;1
11105;2;2020;AT;1;5;1;12;5;2022;21;321;321;2;1;1;1;1;-1;800,0193884831100;1
11105;2;2020;AT;2;7;2;14;5;2022;21;321;361;3;1;1;6;1;-1;373,3423812921180;1
11114;1;2020;AT;1;6;1;27;5;2022;11;111;111;2;1;1;1;1;-1;512,2160101276090;1
11114;1;2020;AT;2;1;2;29;5;2022;11;11;111;3;1;1;3;1;-1;239,0341380595510;1
11114;2;2020;AT;1;6;1;27;5;2022;311;111;111;3;1;1;1;1;-1;512,2160101276090;1
11114;2;2020;AT;2;1;2;29;5;2022;611;111;111;1;1;1;1;1;-1;239,0341380595510;1
11122;1;2020;AT;1;3;1;10;5;2022;531;32;311;5;2;1;1;1;-1;331,9802667228710;1
11122;1;2020;AT;2;7;2;14;5;2022;531;331;960;1;2;1;3;2;100;154,9241244706730;1
11122;2;2020;AT;1;3;1;10;5;2022;611;321;938;3;1;1;3;1;-1;331,9802667228710;1
11122;2;2020;AT;2;7;2;14;5;2022;821;960;525;3;1;1;3;1;-1;154,9241244706730;1
11130;1;2020;AT;1;3;1;21;6;2022;821;31;321;2;1;2;-1;1;-1;1173,1805316698701;1
11130;1;2020;AT;2;7;2;25;6;2022;11;321;311;2;1;2;-1;1;-1;547,4842481126070;1
11130;2;2020;AT;1;3;1;21;6;2022;111;121;343;4;1;1;1;1;-1;1173,1805316698701;1
11130;2;2020;AT;2;7;2;25;6;2022;511;614;614;4;2;1;3;1;-1;547,4842481126070;1
11142;1;2020;AT;1;2;2;18;4;2022;611;514;311;3;1;1;3;1;-1;693,3126289775980;1
11142;1;2020;AT;2;3;1;19;4;2022;910;332;910;3;1;1;1;1;-1;1485,6699192377100;1
11142;2;2020;AT;1;2;2;18;4;2022;613;980;980;2;1;1;3;4;300;693,3126289775980;1
11142;2;2020;AT;2;3;1;19;4;2022;111;910;910;2;1;1;1;4;988;1485,6699192377100;1
11149;1;2020;AT;1;4;1;27;4;2022;611;111;111;2;1;1;1;1;-1;1442,6228986389201;1
11149;1;2020;AT;2;7;2;7;5;2022;424;321;311;1;2;1;3;1;-1;673,2240193648300;1
11149;2;2020;AT;1;4;1;27;4;2022;21;111;311;4;1;1;1;1;-1;1442,6228986389201;1
11149;2;2020;AT;2;7;2;30;4;2022;614;321;21;5;2;1;3;1;-1;673,2240193648300;1
11170;1;2020;AT;1;3;1;28;6;2022;344;344;343;1;1;1;1;1;-1;563,8845741500051;1
11170;1;2020;AT;2;1;2;3;7;2022;616;341;31;1;1;1;5;1;-1;263,1461346033360;1
11170;2;2020;AT;1;3;1;28;6;2022;344;111;111;2;1;1;1;1;-1;563,8845741500051;1
11170;2;2020;AT;2;1;2;3;7;2022;531;341;344;1;1;1;5;1;-1;263,1461346033360;1
11189;1;2020;AT;1;6;1;1;7;2022;21;111;111;3;1;1;1;1;-1;595,2060183377390;1
11189;1;2020;AT;2;1;2;3;7;2022;519;950;995;1;1;1;3;1;-1;277,7628085576110;1
11189;2;2020;AT;1;6;1;1;7;2022;361;995;-9;1;1;1;6;1;-1;595,2060183377390;1
11189;2;2020;AT;2;1;2;3;7;2022;513;950;950;1;1;1;3;1;-1;277,7628085576110;1
11232;1;2020;AT;1;5;1;28;7;2022;531;31;361;3;1;1;3;1;-1;376,0894607112890;1
11232;1;2020;AT;2;1;2;31;7;2022;11;910;111;3;1;1;1;1;-1;175,5084149986020;1
11232;2;2020;AT;1;5;1;28;7;2022;910;312;31;3;1;1;1;1;-1;376,0894607112890;1
11232;2;2020;AT;2;1;2;31;7;2022;531;31;311;3;1;1;3;4;60;175,5084149986020;1
11237;1;2020;AT;1;5;1;1;9;2022;21;111;111;2;1;1;1;1;-1;660,7615280310780;1
11237;1;2020;AT;2;7;2;3;9;2022;512;361;361;1;2;1;3;1;-1;308,3553797478360;1
11237;2;2020;AT;1;5;1;1;9;2022;31;111;111;2;1;1;1;1;-1;660,7615280310780;1
11237;2;2020;AT;2;7;2;3;9;2022;512;343;811;1;1;1;3;1;-1;308,3553797478360;1
11252;1;2020;AT;1;4;1;28;9;2022;613;111;111;2;1;1;1;1;-1;255,8598387280570;1
11252;1;2020;AT;2;1;2;2;10;2022;613;331;331;3;2;1;3;1;-1;119,4012580730930;1
11252;2;2020;AT;1;4;1;28;9;2022;39;424;424;2;2;1;6;1;-1;255,8598387280570;1
11252;2;2020;AT;2;1;2;2;10;2022;32;424;424;2;2;1;4;1;-1;119,4012580730930;1
11254;1;2020;AT;1;2;1;10;10;2022;31;936;111;3;1;1;1;1;-1;363,5148826142410;1
11254;1;2020;AT;2;7;2;15;10;2022;324;321;339;1;1;1;3;1;-1;169,6402785533130;1
11254;2;2020;AT;1;2;1;10;10;2022;31;910;111;2;1;1;1;1;-1;363,5148826142410;1
11254;2;2020;AT;2;7;2;5;11;2022;21;32;900;2;2;1;3;1;-1;169,6402785533130;1
11256;1;2020;AT;1;3;1;4;10;2022;611;312;361;3;2;1;3;1;-1;432,3503501944400;1
11256;1;2020;AT;2;7;2;8;10;2022;529;960;311;1;2;1;5;4;200;201,7634967574050;1
11256;2;2020;AT;1;3;1;4;10;2022;739;111;31;3;1;1;1;1;-1;432,3503501944400;1
11256;2;2020;AT;2;7;2;8;10;2022;529;21;960;1;2;1;5;4;190;201,7634967574050;1
11269;1;2020;AT;1;5;1;1;9;2022;615;960;960;1;2;1;3;1;-1;306,1451175534810;1
11269;1;2020;AT;2;1;2;4;9;2022;21;329;341;3;2;1;3;1;-1;142,8677215249580;1
11269;2;2020;AT;1;5;1;1;9;2022;21;11;21;1;2;2;-1;1;-1;306,1451175534810;1
11269;2;2020;AT;2;1;2;4;9;2022;811;324;324;3;1;2;-1;1;-1;142,8677215249580;1
11270;1;2020;AT;1;5;1;15;9;2022;21;324;324;2;1;1;1;1;-1;760,7903996026801;1
11270;1;2020;AT;2;1;2;18;9;2022;611;324;311;3;1;1;6;2;10;355,0355198145840;1
11270;2;2020;AT;1;5;1;15;9;2022;21;111;111;2;1;1;1;1;-1;760,7903996026801;1
11270;2;2020;AT;2;1;2;18;9;2022;611;392;392;3;2;1;3;2;10;355,0355198145840;1
11284;1;2020;AT;1;4;1;21;9;2022;621;311;324;1;2;2;-1;2;100;303,3247666111450;1
11284;1;2020;AT;2;7;2;24;9;2022;21;515;324;3;2;2;-1;1;-1;141,5515577518680;1
11284;2;2020;AT;1;4;1;21;9;2022;621;311;324;1;2;2;-1;2;100;303,3247666111450;1
11284;2;2020;AT;2;7;2;24;9;2022;21;323;341;3;1;2;-1;1;-1;141,5515577518680;1
11293;1;2020;AT;1;5;1;15;9;2022;383;361;111;2;1;2;-1;1;-1;353,8392346005410;1
11293;1;2020;AT;2;7;2;17;9;2022;511;341;361;2;2;2;-1;1;-1;165,1249761469190;1
11293;2;2020;AT;1;5;1;15;9;2022;381;321;221;2;1;2;-1;1;-1;353,8392346005410;1
11293;2;2020;AT;2;7;2;17;9;2022;511;321;321;2;1;2;-1;1;-1;165,1249761469190;1
11296;1;2020;AT;1;3;1;2;8;2022;111;111;111;2;1;1;1;1;-1;316,4634349637560;1
11296;1;2020;AT;2;7;2;6;8;2022;821;311;936;3;2;1;3;1;-1;147,6829363164200;1
11296;2;2020;AT;1;3;1;2;8;2022;519;321;311;3;1;1;3;1;-1;316,4634349637560;1
11296;2;2020;AT;2;7;2;6;8;2022;821;321;311;3;2;1;3;1;-1;147,6829363164200;1
11315;1;2020;AT;1;2;1;19;9;2022;615;331;341;2;2;2;-1;1;-1;353,7251087990240;1
11315;1;2020;AT;2;1;2;25;9;2022;611;321;311;3;1;2;-1;1;-1;165,0717174395450;1
11315;2;2020;AT;1;2;1;26;9;2022;519;341;341;1;2;2;-1;2;40;353,7251087990240;1
11315;2;2020;AT;2;1;2;25;9;2022;21;324;421;2;2;2;-1;1;-1;165,0717174395450;1
11352;1;2020;AT;1;5;1;18;8;2022;32;31;900;3;1;1;1;1;-1;1089,3519437985101;1
11352;1;2020;AT;2;7;2;20;8;2022;511;321;21;3;1;1;6;1;-1;508,3642404393060;1
11352;2;2020;AT;1;5;1;18;8;2022;619;321;321;1;1;2;-1;1;-1;1089,3519437985101;1
11352;2;2020;AT;2;7;2;20;8;2022;821;351;361;3;1;2;-1;1;-1;508,3642404393060;1
11379;1;2020;AT;1;6;1;16;9;2022;531;321;910;3;1;2;-1;1;-1;320,0637899065360;1
11379;1;2020;AT;2;1;2;18;9;2022;531;321;21;1;1;2;-1;1;-1;149,3631019563840;1
11379;2;2020;AT;1;6;1;16;9;2022;383;381;311;5;1;2;-1;1;-1;320,0637899065360;1
11379;2;2020;AT;2;1;2;18;9;2022;821;381;300;3;1;2;-1;1;-1;149,3631019563840;1
11398;1;2020;AT;1;3;1;2;8;2022;21;900;111;2;2;1;4;1;-1;699,2568658477950;1
11398;1;2020;AT;2;1;2;7;8;2022;383;341;936;3;1;1;3;1;-1;326,3198707289710;1
11398;3;2020;AT;1;3;1;2;8;2022;21;32;32;2;2;1;1;1;-1;699,2568658477950;1
11398;3;2020;AT;2;1;2;7;8;2022;31;12;12;5;2;1;4;1;-1;326,3198707289710;1
11411;1;2020;AT;1;3;1;11;10;2022;613;939;-9;1;2;1;-9;1;-1;395,8048700539850;2
11411;1;2020;AT;2;7;2;15;10;2022;523;-9;-9;1;2;1;3;2;60;184,7089393585270;2
11411;2;2020;AT;1;3;1;11;10;2022;531;-9;910;1;2;1;6;-9;-1;395,8048700539850;2
11411;2;2020;AT;2;7;2;15;10;2022;21;995;429;1;1;1;3;1;-1;184,7089393585270;2
11419;1;2020;AT;1;3;1;13;9;2022;821;910;910;3;2;1;1;1;-1;1156,7637647613501;1
11419;1;2020;AT;2;1;2;18;9;2022;611;341;341;1;2;1;3;1;-1;539,8230902219650;1
11419;2;2020;AT;1;3;1;13;9;2022;21;910;31;4;2;1;1;1;-1;1156,7637647613501;1
11419;2;2020;AT;2;1;2;18;9;2022;611;821;332;3;2;1;3;1;-1;539,8230902219650;1
11444;1;2020;AT;1;2;1;26;9;2022;-9;-9;-9;2;1;2;-1;1;-1;534,3725656978430;2
11444;1;2020;AT;2;7;2;1;10;2022;611;-9;-9;1;1;2;-1;1;-1;249,3738639923270;2
11444;2;2020;AT;1;2;1;26;9;2022;341;-9;-9;1;1;2;-1;1;-1;534,3725656978430;2
11444;2;2020;AT;2;7;2;1;10;2022;613;-9;-9;1;1;2;-1;1;-1;249,3738639923270;2
11454;1;2020;AT;1;5;1;13;10;2022;383;910;111;3;1;1;1;1;-1;272,7526191522430;1
11454;1;2020;AT;2;7;2;15;10;2022;513;31;31;1;2;1;3;4;270;127,2845556043800;1
11454;2;2020;AT;1;5;1;13;10;2022;383;31;311;1;1;2;-1;1;-1;272,7526191522430;1
11454;2;2020;AT;2;7;2;15;10;2022;512;31;31;1;1;2;-1;1;-1;127,2845556043800;1
11490;1;2020;AT;1;6;1;19;8;2022;21;980;324;2;2;2;-1;4;250;632,4747637939280;1
11490;1;2020;AT;2;7;2;20;8;2022;513;531;936;1;2;2;-1;1;-1;295,1548897705000;1
11490;2;2020;AT;1;6;1;19;8;2022;21;811;341;2;1;2;-1;1;-1;632,4747637939280;1
11490;2;2020;AT;2;7;2;20;8;2022;513;31;31;2;1;2;-1;1;-1;295,1548897705000;1
11493;1;2020;AT;1;4;2;26;10;2022;11;111;111;2;1;1;1;-9;-1;323,4602042687420;2
11493;1;2020;AT;2;7;2;29;10;2022;910;910;910;-8;1;1;1;-9;-1;323,4602042687420;2
11493;2;2020;AT;1;4;1;2;11;2022;512;311;-9;1;1;1;3;-9;-1;441,0820967301030;2
11493;2;2020;AT;2;7;2;5;11;2022;111;910;910;2;1;1;1;-9;-1;205,8383118073810;2
11496;1;2020;AT;1;2;1;17;10;2022;819;321;311;1;1;2;-1;1;-1;599,8366842151540;2
11496;1;2020;AT;2;7;2;22;10;2022;511;321;361;1;1;2;-1;-9;-1;279,9237859670720;2
11496;2;2020;AT;1;2;1;17;10;2022;511;111;111;2;1;1;1;1;-1;599,8366842151540;2
11496;2;2020;AT;2;7;2;22;10;2022;511;321;361;1;1;1;3;1;-1;279,9237859670720;2
11502;2;2020;AT;1;4;1;7;9;2022;731;-9;-9;2;1;2;-1;1;-1;1471,9389765098001;2
11502;2;2020;AT;2;1;2;11;9;2022;11;-9;-9;2;1;2;-1;1;-1;686,9048557045730;2
11502;3;2020;AT;1;4;1;7;9;2022;613;-9;-9;2;1;2;-1;1;-1;1471,9389765098001;2
11502;3;2020;AT;2;1;2;11;9;2022;531;-9;-9;2;2;2;-1;1;-1;686,9048557045730;2
11511;1;2020;AT;1;4;1;7;9;2022;611;-9;-9;1;2;1;5;4;550;1236,4905539818801;2
11511;1;2020;AT;2;7;2;10;9;2022;821;321;311;2;1;1;3;1;-1;577,0289251915440;2
11511;2;2020;AT;1;4;1;7;9;2022;821;-9;-9;1;2;2;-1;4;550;1236,4905539818801;2
11511;2;2020;AT;2;7;2;10;9;2022;821;939;-9;3;1;2;-1;1;-1;577,0289251915440;2
11546;1;2020;AT;1;2;1;3;10;2022;821;341;341;2;1;1;3;1;-1;215,4432990995960;2
11546;1;2020;AT;2;7;2;8;10;2022;512;359;938;1;1;1;3;2;10;100,5402062464780;2
11546;2;2020;AT;1;2;1;3;10;2022;821;332;-9;2;1;1;1;1;-1;215,4432990995960;2
11546;2;2020;AT;2;7;2;8;10;2022;512;321;311;2;1;1;3;2;10;100,5402062464780;2
11573;1;2020;AT;1;4;1;14;9;2022;711;111;111;3;1;1;1;1;-1;246,7941859080870;1
11573;1;2020;AT;2;7;2;17;9;2022;344;111;111;3;1;1;3;1;-1;115,1706200904400;1
11573;2;2020;AT;1;4;1;14;9;2022;619;321;111;3;1;1;1;1;-1;246,7941859080870;1
11573;2;2020;AT;2;7;2;17;9;2022;344;514;311;1;1;1;3;1;-1;115,1706200904400;1
11604;2;2020;AT;1;5;1;22;9;2022;531;323;342;3;1;2;-1;-9;-1;1544,6964134489799;2
11604;2;2020;AT;2;1;2;25;9;2022;432;-9;-9;2;-8;2;-1;2;-9;720,8583262761910;2
11604;3;2020;AT;1;5;1;22;9;2022;619;321;-9;1;1;2;-1;-9;-1;1544,6964134489799;2
11604;3;2020;AT;2;1;2;25;9;2022;-9;311;-9;1;1;2;-1;-9;-1;720,8583262761910;2
11615;1;2020;AT;1;6;1;9;9;2022;341;361;111;2;1;1;1;1;-1;351,1075443061160;2
11615;1;2020;AT;2;7;2;10;9;2022;341;361;361;1;1;1;-9;1;-1;163,8501873428540;2
11615;2;2020;AT;1;6;1;9;9;2022;611;321;111;2;1;1;1;1;-1;351,1075443061160;2
11615;2;2020;AT;2;7;2;10;9;2022;341;361;361;2;1;1;3;-9;-1;163,8501873428540;2
11618;1;2020;AT;1;2;1;1;8;2022;811;361;343;3;2;1;5;1;-1;418,2512411155280;1
11618;1;2020;AT;2;1;2;7;8;2022;812;321;995;1;1;1;3;2;15;195,1839125205800;1
11618;2;2020;AT;1;2;1;1;8;2022;512;349;31;3;2;1;5;1;-1;418,2512411155280;1
11618;2;2020;AT;2;1;2;7;8;2022;11;821;31;3;2;1;4;1;-1;195,1839125205800;1
11641;1;2020;AT;1;2;1;17;10;2022;11;384;321;3;1;2;-1;1;-1;249,6058971290070;1
11641;1;2020;AT;2;1;2;23;10;2022;383;331;382;1;1;2;-1;1;-1;116,4827519935370;1
11641;2;2020;AT;1;2;1;17;10;2022;383;910;910;3;1;1;1;1;-1;249,6058971290070;1
11641;2;2020;AT;2;1;2;23;10;2022;311;341;341;1;1;1;3;1;-1;116,4827519935370;1
11679;1;2020;AT;1;2;1;19;9;2022;344;111;111;2;1;1;1;1;-1;282,5291283850060;1
11679;1;2020;AT;2;1;2;25;9;2022;344;300;311;3;1;1;3;1;-1;131,8469265796690;1
11679;2;2020;AT;1;2;1;19;9;2022;11;12;311;4;2;1;4;1;-1;282,5291283850060;1
11679;2;2020;AT;2;1;2;25;9;2022;344;321;311;3;2;1;3;1;-1;131,8469265796690;1
11686;1;2020;AT;1;4;1;14;9;2022;611;514;950;2;2;1;1;-9;-1;344,4595856551250;2
11686;1;2020;AT;2;1;2;18;9;2022;21;960;960;1;2;1;3;4;-9;160,7478066390590;2
11686;2;2020;AT;1;4;1;14;9;2022;332;531;361;1;2;2;-1;1;-1;344,4595856551250;2
11686;2;2020;AT;2;1;2;18;9;2022;21;960;960;1;2;2;-1;4;-9;160,7478066390590;2
11723;1;2020;AT;1;6;1;14;10;2022;383;936;936;1;1;1;5;1;-1;296,9922260434070;1
11723;1;2020;AT;2;7;2;15;10;2022;512;936;936;1;1;1;3;1;-1;138,5963721535900;1
11723;2;2020;AT;1;6;1;14;10;2022;11;321;938;3;1;1;-9;2;60;296,9922260434070;1
11723;2;2020;AT;2;7;2;15;10;2022;611;321;936;3;1;1;3;1;-1;138,5963721535900;1
11732;1;2020;AT;1;3;1;4;10;2022;21;324;910;2;1;1;1;1;-1;857,3445409617040;1
11732;1;2020;AT;2;7;2;8;10;2022;613;960;361;1;2;1;3;3;80;400,0941191154620;1
11732;2;2020;AT;1;3;1;4;10;2022;21;362;111;2;1;1;1;1;-1;857,3445409617040;1
11732;2;2020;AT;2;7;2;8;10;2022;613;324;31;3;2;1;3;1;-1;400,0941191154620;1
11769;1;2020;AT;1;2;1;12;9;2022;812;343;361;3;1;1;3;1;-1;2110,4521453432799;1
11769;1;2020;AT;2;1;2;18;9;2022;812;323;311;1;2;1;3;1;-1;984,8776678268659;1
11769;2;2020;AT;1;2;1;12;9;2022;21;31;729;3;2;1;5;1;-1;2110,4521453432799;1
11769;2;2020;AT;2;1;2;18;9;2022;621;321;312;3;2;1;3;1;-1;984,8776678268659;1
11850;1;2020;AT;1;2;1;10;10;2022;-9;-9;111;2;1;1;1;1;-1;1062,7779384230801;2
11850;1;2020;AT;2;7;2;15;10;2022;529;-9;312;1;2;1;3;1;-1;495,9630379307710;2
11850;3;2020;AT;1;2;1;10;10;2022;531;111;111;2;1;1;1;1;-1;1062,7779384230801;2
11850;3;2020;AT;2;7;2;15;10;2022;621;-9;-9;1;1;1;3;1;-1;495,9630379307710;2
11892;1;2020;AT;1;4;1;7;12;2022;11;615;31;3;1;1;3;1;-1;246,7370933647530;1
11892;1;2020;AT;2;7;2;10;12;2022;11;611;21;4;2;1;4;1;-1;115,1439769035510;1
11892;2;2020;AT;1;4;1;7;12;2022;734;111;111;2;1;1;1;1;-1;246,7370933647530;1
11892;2;2020;AT;2;7;2;10;12;2022;734;111;111;4;1;1;1;1;-1;115,1439769035510;1
11928;1;2020;AT;1;4;1;7;12;2022;615;321;920;3;1;1;2;1;-1;322,2856191612340;1
11928;1;2020;AT;2;7;2;10;12;2022;361;212;212;1;1;1;3;1;-1;150,3999556085760;1
11928;2;2020;AT;1;4;1;7;12;2022;21;12;371;4;2;1;4;1;-1;322,2856191612340;1
11928;2;2020;AT;2;7;2;10;12;2022;344;321;980;1;1;1;3;2;40;150,3999556085760;1
11929;1;2020;AT;1;5;1;24;11;2022;11;111;111;3;1;2;-1;1;-1;184,6636494141640;1
11929;1;2020;AT;2;7;2;26;11;2022;21;324;111;3;1;2;-1;1;-1;86,1763697266100;1
11929;2;2020;AT;1;5;1;24;11;2022;531;321;111;1;1;1;1;1;-1;184,6636494141640;1
11929;2;2020;AT;2;7;2;26;11;2022;513;311;111;1;1;1;3;1;-1;86,1763697266100;1
11963;1;2020;AT;1;5;1;1;12;2022;900;321;321;2;2;1;6;1;-1;119,1733407725630;1
11963;1;2020;AT;2;7;2;3;12;2022;514;511;611;5;2;1;3;2;200;55,6142256938628;1
11963;2;2020;AT;1;5;1;1;12;2022;615;321;910;3;1;1;1;1;-1;119,1733407725630;1
11963;2;2020;AT;2;7;2;3;12;2022;611;31;31;3;1;1;3;2;100;55,6142256938628;1
11969;1;2020;AT;1;6;1;2;12;2022;212;361;111;1;1;1;1;1;-1;541,5115194070240;1
11969;1;2020;AT;2;1;2;4;12;2022;212;311;311;1;1;1;3;1;-1;252,7053757232780;1
11969;2;2020;AT;1;6;1;2;12;2022;511;995;311;3;2;1;1;1;-1;541,5115194070240;1
11969;2;2020;AT;2;1;2;4;12;2022;821;382;382;3;1;1;3;1;-1;252,7053757232780;1
11976;1;2020;AT;1;4;1;30;11;2022;513;910;321;1;1;2;-1;1;-1;773,5860643441840;1
11976;1;2020;AT;2;7;2;3;12;2022;513;321;31;1;2;2;-1;1;-1;361,0068300272860;1
11976;3;2020;AT;1;4;1;30;11;2022;980;31;980;3;1;2;-1;1;-1;773,5860643441840;1
11976;3;2020;AT;2;7;2;3;12;2022;980;354;980;1;1;2;-1;1;-1;361,0068300272860;1
11990;1;2020;AT;1;6;1;2;12;2022;21;321;312;3;2;2;-1;1;-1;303,6066426535570;1
11990;1;2020;AT;2;1;2;4;12;2022;512;722;950;1;1;2;-1;2;54;141,6830999049930;1
11990;2;2020;AT;1;6;1;2;12;2022;361;312;514;1;1;2;-1;1;-1;303,6066426535570;1
11990;2;2020;AT;2;1;2;4;12;2022;615;433;960;1;1;2;-1;2;54;141,6830999049930;1
11998;1;2020;AT;1;3;1;29;11;2022;311;31;111;3;1;1;1;1;-1;320,1842477148250;1
11998;1;2020;AT;2;7;2;3;12;2022;31;351;21;1;1;1;-9;1;-1;149,4193156002520;1
11998;2;2020;AT;1;3;1;29;11;2022;821;321;321;2;1;1;-9;1;-1;320,1842477148250;1
11998;2;2020;AT;2;7;2;3;12;2022;383;321;995;3;1;1;-9;1;-1;149,4193156002520;1
12022;1;2020;AT;1;2;1;5;12;2022;11;32;311;2;2;2;-1;1;-1;263,2493699956300;1
12022;1;2020;AT;2;5;2;8;12;2022;383;32;21;1;2;2;-1;1;-1;122,8497059979600;1
12022;2;2020;AT;1;2;1;5;12;2022;21;111;111;3;1;2;-1;1;-1;263,2493699956300;1
12022;2;2020;AT;2;5;2;8;12;2022;21;980;980;1;2;2;-1;4;140;122,8497059979600;1
12042;1;2020;AT;1;4;1;7;12;2022;31;615;321;3;2;1;1;1;-1;246,4020362386010;1
12042;1;2020;AT;2;5;2;8;12;2022;21;111;910;2;2;1;1;1;-1;114,9876169113470;1
12042;2;2020;AT;1;4;1;7;12;2022;21;910;910;2;2;1;1;1;-1;246,4020362386010;1
12042;2;2020;AT;2;5;2;8;12;2022;21;321;361;3;2;1;3;1;-1;114,9876169113470;1
12043;1;2020;AT;1;4;1;7;12;2022;529;910;31;2;1;2;-1;1;-1;184,9659595978380;1
12043;1;2020;AT;2;7;2;10;12;2022;344;321;300;1;1;2;-1;1;-1;86,3174478123244;1
12043;2;2020;AT;1;4;1;7;12;2022;21;910;910;2;1;1;1;1;-1;184,9659595978380;1
12043;2;2020;AT;2;7;2;10;12;2022;21;300;321;1;1;1;3;1;-1;86,3174478123244;1
12045;1;2020;AT;1;6;1;2;12;2022;512;312;910;1;2;1;1;1;-1;323,7420544539630;1
12045;1;2020;AT;2;7;2;3;12;2022;324;819;300;1;1;1;3;-9;-1;151,0796254118490;1
12045;2;2020;AT;1;6;1;2;12;2022;512;311;311;1;1;1;4;1;-1;323,7420544539630;1
12045;2;2020;AT;2;7;2;3;12;2022;529;615;615;1;1;1;4;1;-1;151,0796254118490;1
12047;1;2020;AT;1;6;1;2;12;2022;615;321;999;3;1;2;-1;4;100;233,4244581783430;1
12047;1;2020;AT;2;7;2;3;12;2022;424;321;311;3;1;2;-1;1;-1;108,9314138165600;1
12047;2;2020;AT;1;6;1;2;12;2022;21;936;960;3;1;2;-1;4;100;233,4244581783430;1
12047;2;2020;AT;2;7;2;3;12;2022;424;325;936;3;1;2;-1;1;-1;108,9314138165600;1
12055;1;2020;AT;1;4;1;7;12;2022;11;382;381;2;1;2;-1;1;-1;207,3209689547320;1
12055;1;2020;AT;2;5;2;8;12;2022;344;321;321;3;2;2;-1;3;60;96,7497855122082;1
12055;2;2020;AT;1;4;1;7;12;2022;511;31;111;2;1;1;1;1;-1;207,3209689547320;1
12055;2;2020;AT;2;5;2;8;12;2022;383;31;111;2;1;1;1;1;-1;96,7497855122082;1
12112;1;2020;AT;1;2;1;5;12;2022;21;519;-9;3;1;2;-1;1;-1;169,9331817051820;2
12112;1;2020;AT;2;7;2;3;12;2022;614;-9;-9;1;1;2;-1;1;-1;79,3021514624185;2
12112;2;2020;AT;1;2;1;21;11;2022;11;514;514;3;2;2;-1;1;-1;169,9331817051820;2
12112;2;2020;AT;2;7;2;26;11;2022;611;-9;-9;1;1;2;-1;1;-1;79,3021514624185;2
12117;1;2020;AT;1;2;1;28;11;2022;344;111;111;2;1;1;1;1;-1;291,3619050693770;1
12117;1;2020;AT;2;1;2;4;12;2022;344;331;995;1;2;1;3;1;-1;135,9688890323760;1
12117;2;2020;AT;1;2;1;12;12;2022;821;32;32;4;2;2;-1;1;-1;291,3619050693770;1
12117;2;2020;AT;2;1;2;11;12;2022;821;515;515;3;1;2;-1;1;-1;135,9688890323760;1
12119;1;2020;AT;1;4;1;9;11;2022;612;332;300;3;2;1;3;1;-1;376,5342828114150;1
12119;1;2020;AT;2;7;2;12;11;2022;611;311;311;5;2;1;3;2;20;175,7159986453270;1
12119;2;2020;AT;1;4;1;9;11;2022;619;111;362;1;2;1;6;1;-1;376,5342828114150;1
12119;2;2020;AT;2;7;2;12;11;2022;611;512;512;1;2;1;5;2;20;175,7159986453270;1
12125;1;2020;AT;1;5;1;1;12;2022;821;321;324;3;2;2;-1;2;15;176,7816913150570;1
12125;1;2020;AT;2;7;2;3;12;2022;512;311;381;1;2;2;-1;2;15;82,4981226136932;1
12125;2;2020;AT;1;5;1;1;12;2022;381;910;111;2;2;1;1;4;200;176,7816913150570;1
12125;2;2020;AT;2;7;2;3;12;2022;512;361;361;1;1;1;3;2;15;82,4981226136932;1
12131;1;2020;AT;1;3;1;29;11;2022;511;111;111;3;1;1;1;1;-1;367,0703875241230;1
12131;1;2020;AT;2;7;2;3;12;2022;611;324;371;3;1;1;3;1;-1;171,2995141779240;1
12131;2;2020;AT;1;3;1;29;11;2022;383;111;111;2;1;1;1;1;-1;367,0703875241230;1
12131;2;2020;AT;2;7;2;3;12;2022;383;31;739;1;1;1;3;1;-1;171,2995141779240;1
12146;1;2020;AT;1;4;1;7;12;2022;615;613;-9;4;1;1;3;1;-1;96,6186606955318;2
12146;1;2020;AT;2;7;2;10;12;2022;613;-9;-9;5;1;1;3;2;10;45,0887083245815;2
12146;2;2020;AT;1;4;1;7;12;2022;21;382;111;3;1;1;1;1;-1;96,6186606955318;2
12146;2;2020;AT;2;7;2;10;12;2022;383;940;21;2;1;1;3;2;260;45,0887083245815;2
12154;1;2020;AT;1;6;1;25;11;2022;711;31;31;1;1;1;1;1;-1;134,2902005752410;1
12154;1;2020;AT;2;1;2;27;11;2022;39;331;960;1;2;1;3;2;3;62,6687602684459;1
12154;2;2020;AT;1;6;1;2;12;2022;980;938;321;3;1;1;1;4;300;134,2902005752410;1
12154;2;2020;AT;2;1;2;4;12;2022;980;31;31;1;2;1;3;4;300;62,6687602684459;1
12165;1;2020;AT;1;3;1;15;11;2022;615;111;111;2;2;1;1;1;-1;259,1892143677090;1
12165;1;2020;AT;2;7;2;19;11;2022;811;361;361;3;2;1;3;1;-1;120,9549667049310;1
12165;2;2020;AT;1;3;1;15;11;2022;614;129;111;3;1;1;1;1;-1;259,1892143677090;1
12165;2;2020;AT;2;7;2;19;11;2022;531;111;321;3;2;1;3;1;-1;120,9549667049310;1
12203;1;2020;AT;1;3;1;25;10;2022;936;111;111;4;1;1;1;1;-1;668,3910029426280;1
12203;1;2020;AT;2;1;2;30;10;2022;713;735;31;1;1;1;3;1;-1;311,9158013732260;1
12203;2;2020;AT;1;3;1;25;10;2022;531;910;-9;1;1;1;1;1;-1;668,3910029426280;1
12203;2;2020;AT;2;1;2;30;10;2022;531;21;311;1;2;1;3;1;-1;311,9158013732260;1
12222;2;2020;AT;1;6;1;16;12;2022;-9;-9;-9;-9;-9;2;-1;-9;-1;869,0201173519330;2
12222;2;2020;AT;2;1;2;18;12;2022;821;322;433;2;1;2;-1;-9;-1;405,5427214309020;2
12222;3;2020;AT;1;6;1;16;12;2022;-9;-9;-9;1;1;2;-1;1;-1;869,0201173519330;2
12222;3;2020;AT;2;1;2;18;12;2022;821;-9;311;1;1;2;-1;1;-1;405,5427214309020;2
12235;1;2020;AT;1;2;1;24;10;2022;821;362;111;3;1;1;1;1;-1;327,2420817283860;1
12235;1;2020;AT;2;7;2;29;10;2022;381;11;361;1;2;1;3;1;-1;152,7129714732470;1
12235;2;2020;AT;1;2;1;24;10;2022;383;312;321;1;1;1;3;1;-1;327,2420817283860;1
12235;2;2020;AT;2;7;2;29;10;2022;381;321;321;1;2;1;3;1;-1;152,7129714732470;1
12282;1;2020;AT;1;5;1;29;9;2022;111;371;354;2;1;2;-1;1;-1;1281,7037319202100;1
12282;1;2020;AT;2;7;2;1;10;2022;111;111;111;3;1;2;-1;1;-1;598,1284082294291;1
12282;2;2020;AT;1;5;1;29;9;2022;344;312;111;2;1;1;1;1;-1;1281,7037319202100;1
12282;2;2020;AT;2;7;2;1;10;2022;621;329;322;3;1;1;-9;1;-1;598,1284082294291;1
12282;3;2020;AT;1;5;1;29;9;2022;111;371;421;3;1;1;1;1;-1;1281,7037319202100;1
12282;3;2020;AT;2;7;2;24;9;2022;383;519;313;2;1;1;3;1;-1;598,1284082294291;1
12282;4;2020;AT;1;5;1;22;9;2022;821;321;311;3;1;1;6;1;-1;1281,7037319202100;1
12282;4;2020;AT;2;7;2;1;10;2022;821;341;311;1;1;1;3;1;-1;598,1284082294291;1
12283;1;2020;AT;1;3;1;6;9;2022;424;939;939;3;1;2;-1;1;-1;2039,1556708622300;1
12283;1;2020;AT;2;7;2;10;9;2022;21;995;995;3;1;2;-1;1;-1;951,6059797357080;1
12283;2;2020;AT;1;3;1;6;9;2022;31;995;342;2;1;1;1;1;-1;2039,1556708622300;1
12283;2;2020;AT;2;7;2;10;9;2022;21;516;31;1;2;1;3;1;-1;951,6059797357080;1
12283;3;2020;AT;1;3;1;6;9;2022;21;212;212;2;1;1;2;1;-1;2039,1556708622300;1
12283;3;2020;AT;2;7;2;10;9;2022;111;411;324;2;2;1;3;1;-1;951,6059797357080;1
12283;4;2020;AT;1;3;1;6;9;2022;819;910;111;3;1;1;1;1;-1;2039,1556708622300;1
12283;4;2020;AT;2;7;2;10;9;2022;719;950;31;3;2;1;3;1;-1;951,6059797357080;1
10002;3;2020;AT;1;4;1;5;1;2022;531;321;361;3;1;2;-1;1;-1;1256,5828874585800;1
10002;3;2020;AT;2;1;2;9;1;2022;433;321;342;2;1;2;-1;1;-1;586,4053474806690;1
10002;4;2020;AT;1;4;1;5;1;2022;519;900;900;2;2;1;3;1;-1;1256,5828874585800;1
10002;4;2020;AT;2;1;2;9;1;2022;733;512;11;1;2;1;3;1;-1;586,4053474806690;1
10002;5;2020;AT;1;4;1;5;1;2022;342;352;111;3;1;1;1;1;-1;1256,5828874585800;1
10002;5;2020;AT;2;1;2;9;1;2022;21;910;111;3;2;1;1;1;-1;586,4053474806690;1
10021;3;2020;AT;1;5;2;6;1;2022;531;111;111;2;1;1;1;1;-1;1185,9874207842599;1
10021;3;2020;AT;2;1;2;9;1;2022;722;311;311;2;1;1;3;1;-1;1185,9874207842599;1
10021;4;2020;AT;1;5;2;6;1;2022;819;111;111;2;1;1;3;1;-1;1185,9874207842599;1
10021;4;2020;AT;2;1;2;9;1;2022;819;212;11;2;1;1;3;1;-1;1185,9874207842599;1
10021;5;2020;AT;1;5;2;6;1;2022;11;321;812;2;1;-1;-1;1;-1;1185,9874207842599;1
10021;5;2020;AT;2;1;2;16;1;2022;615;212;212;4;1;-1;-1;1;-1;1185,9874207842599;1
10021;6;2020;AT;1;5;2;6;1;2022;613;325;324;3;1;-1;-1;2;40;1185,9874207842599;1
10021;6;2020;AT;2;1;2;9;1;2022;11;212;212;3;1;-1;-1;1;-1;1185,9874207842599;1
10040;3;2020;AT;1;2;1;13;12;2021;11;311;311;4;2;1;3;1;-1;1137,0161653079599;1
10040;3;2020;AT;2;7;2;18;12;2021;613;361;324;5;1;1;3;1;-1;530,6075438103830;1
10040;4;2020;AT;1;2;1;13;12;2021;531;31;21;4;1;2;-1;1;-1;1137,0161653079599;1
10040;4;2020;AT;2;7;2;18;12;2021;811;31;31;4;1;2;-1;1;-1;530,6075438103830;1
12343;1;2020;AT;1;4;1;15;12;2021;111;910;111;4;1;1;1;1;-1;575,5746970745610;1
12343;1;2020;AT;2;5;1;9;12;2021;821;311;111;3;1;1;1;1;-1;575,5746970745610;1
10065;3;2020;AT;1;5;1;13;1;2022;21;111;111;2;2;1;1;1;-1;1236,3618176954601;1
10065;3;2020;AT;2;7;2;15;1;2022;619;950;21;1;1;1;3;1;-1;576,9688482578820;1
12367;1;2020;AT;1;2;1;17;1;2022;612;-9;-9;2;1;1;1;1;-1;515,8068217863820;2
12367;1;2020;AT;2;7;2;22;1;2022;-9;383;-9;3;1;1;3;1;-1;240,7098501669780;2
12367;2;2020;AT;1;2;1;17;1;2022;515;722;32;1;1;1;3;1;-1;515,8068217863820;2
12367;2;2020;AT;2;7;2;22;1;2022;615;111;-9;2;1;1;1;1;-1;240,7098501669780;2
12367;3;2020;AT;1;2;1;17;1;2022;11;920;212;4;2;-1;-1;1;-1;515,8068217863820;2
12367;3;2020;AT;2;7;2;22;1;2022;21;611;940;1;1;-1;-1;1;-1;240,7098501669780;2
10106;3;2020;AT;1;4;1;24;11;2021;531;220;220;1;1;-1;-1;1;-1;271,7253838695790;1
10106;3;2020;AT;2;7;2;20;11;2021;821;531;311;1;1;-1;-1;1;-1;126,8051791391370;1
12378;1;2020;AT;1;4;1;15;12;2021;11;321;382;3;1;1;1;1;-1;162,8101515757970;1
12378;1;2020;AT;2;1;2;19;12;2021;611;311;311;3;2;1;3;1;-1;75,9780707353719;1
12378;2;2020;AT;1;4;1;22;12;2021;731;212;211;2;1;-1;-1;1;-1;162,8101515757970;1
12378;2;2020;AT;2;1;2;19;12;2021;31;212;212;3;2;-1;-1;1;-1;75,9780707353719;1
12403;1;2020;AT;1;3;1;18;1;2022;611;311;-9;1;1;2;-1;1;-1;567,9385840793190;2
12403;1;2020;AT;2;5;1;20;1;2022;611;-9;-9;1;1;2;-1;1;-1;567,9385840793190;2
10158;3;2020;AT;1;6;1;3;12;2021;733;211;21;1;1;-1;-1;1;-1;356,5193716028580;1
10158;3;2020;AT;2;7;2;4;12;2021;733;11;611;1;1;-1;-1;1;-1;166,3757067480000;1
10263;3;2020;AT;1;3;1;30;11;2021;516;211;920;3;1;-1;-1;1;-1;257,3060785467140;1
10263;3;2020;AT;2;1;2;5;12;2021;11;212;212;1;1;-1;-1;1;-1;120,0761699884670;1
10263;4;2020;AT;1;3;1;30;11;2021;516;31;220;5;2;-1;-1;1;-1;257,3060785467140;1
10263;4;2020;AT;2;1;2;5;12;2021;516;21;311;2;2;-1;-1;1;-1;120,0761699884670;1
12533;1;2020;AT;1;2;1;17;1;2022;515;221;21;2;2;1;1;1;-1;663,6776236124010;1
12533;1;2020;AT;2;7;2;22;1;2022;811;321;212;2;2;1;3;1;-1;309,7162243524540;1
12591;1;2020;AT;1;3;1;18;1;2022;615;211;21;3;2;1;2;1;-1;409,4363342974240;1
12591;1;2020;AT;2;7;2;22;1;2022;311;211;212;3;1;1;3;1;-1;191,0702893387980;1
10367;3;2020;AT;1;6;1;4;3;2022;21;920;920;1;1;1;2;1;-1;1807,0487390025401;1
10367;3;2020;AT;2;1;2;6;3;2022;511;212;212;3;1;1;3;1;-1;843,2894115345190;1
10367;4;2020;AT;1;6;1;4;3;2022;511;-9;729;3;2;1;4;1;-1;1807,0487390025401;1
10367;4;2020;AT;2;1;2;6;3;2022;514;32;31;1;2;1;4;1;-1;843,2894115345190;1
12647;1;2020;AT;1;3;1;29;3;2022;12;12;811;5;2;2;-1;1;-1;456,3841994048900;1
12647;1;2020;AT;2;6;1;1;4;2022;324;31;311;4;2;2;-1;1;-1;456,3841994048900;1
12655;1;2020;AT;1;5;1;3;2;2022;512;321;111;3;1;1;1;1;-1;865,7929558771760;1
12655;1;2020;AT;2;7;2;5;2;2022;611;321;361;1;1;1;3;1;-1;404,0367127426820;1
10428;2;2020;AT;1;6;1;25;2;2022;733;321;311;3;1;1;-9;2;3;2196,2361671359299;1
10428;2;2020;AT;2;7;2;26;2;2022;344;111;111;3;1;1;1;1;-1;1024,9102113301001;1
10428;4;2020;AT;1;6;1;25;2;2022;611;321;321;2;1;2;-1;1;-1;2196,2361671359299;1
10428;4;2020;AT;2;7;2;26;2;2022;341;321;321;4;1;2;-1;1;-1;1024,9102113301001;1
10509;3;2020;AT;1;2;1;21;3;2022;821;211;311;2;1;1;2;1;-1;2210,9857252846500;1
10509;3;2020;AT;2;1;2;20;3;2022;614;960;31;3;1;1;3;2;20;1031,7933384661701;1
10509;4;2020;AT;1;2;1;21;3;2022;11;111;111;3;1;1;1;1;-1;2210,9857252846500;1
10509;4;2020;AT;2;1;2;20;3;2022;821;422;422;1;1;1;3;1;-1;1031,7933384661701;1
12729;1;2020;AT;1;5;1;14;4;2022;341;-9;111;2;1;1;1;1;-1;689,9249421314510;2
12729;1;2020;AT;2;7;2;16;4;2022;-9;-9;-9;2;1;1;3;1;-1;321,9649729946770;2
10531;3;2020;AT;1;3;1;29;3;2022;732;212;212;3;1;-1;-1;1;-1;560,8336863134480;1
10531;3;2020;AT;2;7;2;2;4;2022;733;321;212;3;2;-1;-1;1;-1;261,7223869462760;1
10531;4;2020;AT;1;3;1;29;3;2022;732;212;212;3;1;-1;-1;1;-1;560,8336863134480;1
10531;4;2020;AT;2;7;2;2;4;2022;521;212;212;3;2;-1;-1;1;-1;261,7223869462760;1
12735;1;2020;AT;1;5;1;17;2;2022;39;-9;-9;2;1;2;-1;1;-1;1297,3009903117099;2
12735;1;2020;AT;2;1;2;20;2;2022;511;-9;-9;2;1;2;-1;1;-1;605,4071288121301;2
12735;2;2020;AT;1;5;1;17;2;2022;-9;-9;-9;4;2;1;4;1;-1;1297,3009903117099;2
12735;2;2020;AT;2;1;2;20;2;2022;513;39;-9;3;-8;1;4;-9;-1;605,4071288121301;2
12739;1;2020;AT;1;5;1;14;4;2022;11;111;121;2;1;1;1;1;-1;325,9023524124760;1
12739;1;2020;AT;2;1;2;17;4;2022;531;719;950;1;1;1;3;1;-1;152,0877644591550;1
12739;2;2020;AT;1;5;1;14;4;2022;11;111;212;2;1;1;1;1;-1;325,9023524124760;1
12739;2;2020;AT;2;1;2;17;4;2022;519;212;212;2;1;1;3;1;-1;152,0877644591550;1
10555;3;2020;AT;1;4;1;13;4;2022;611;361;950;3;1;1;3;1;-1;1175,0661037946199;1
10555;3;2020;AT;2;1;2;17;4;2022;821;950;212;3;1;1;3;4;300;548,3641817708220;1
10555;4;2020;AT;1;4;1;13;4;2022;531;220;21;1;1;1;3;1;-1;1175,0661037946199;1
10555;4;2020;AT;2;1;2;17;4;2022;611;212;311;3;1;1;3;1;-1;548,3641817708220;1
12776;1;2020;AT;1;4;1;4;5;2022;21;212;212;3;2;1;3;1;-1;855,1520171093300;1
12776;1;2020;AT;2;7;2;7;5;2022;525;980;21;2;2;1;3;3;400;399,0709413176880;1
10592;3;2020;AT;1;4;1;9;2;2022;531;211;324;2;1;-1;-1;1;-1;1033,3324270984101;1
10592;3;2020;AT;2;1;2;13;2;2022;613;812;31;3;1;-1;-1;1;-1;482,2217993125940;1
10592;4;2020;AT;1;4;1;9;2;2022;531;211;211;2;1;-1;-1;1;-1;1033,3324270984101;1
10592;4;2020;AT;2;1;2;13;2;2022;613;960;960;3;1;-1;-1;1;-1;482,2217993125940;1
12793;1;2020;AT;1;5;1;17;3;2022;812;212;995;1;1;1;3;1;-1;836,2748755311929;1
12793;1;2020;AT;2;7;2;19;3;2022;615;729;615;1;1;1;3;1;-1;390,2616085812240;1
12793;2;2020;AT;1;5;1;17;3;2022;519;11;212;3;2;1;6;1;-1;836,2748755311929;1
12793;2;2020;AT;2;7;2;19;3;2022;521;31;900;1;1;1;3;1;-1;390,2616085812240;1
12807;1;2020;AT;1;4;1;2;3;2022;713;321;821;1;1;2;-1;1;-1;1590,7557697054999;1
12807;1;2020;AT;2;1;2;6;3;2022;21;321;321;1;2;2;-1;2;200;742,3526925292319;1
12807;2;2020;AT;1;4;1;2;3;2022;11;31;910;2;1;1;1;1;-1;1590,7557697054999;1
12807;2;2020;AT;2;1;2;6;3;2022;21;960;960;3;2;1;3;2;200;742,3526925292319;1
12877;1;2020;AT;1;4;1;27;4;2022;21;995;995;4;2;1;1;1;-1;655,2037407497249;1
12877;1;2020;AT;2;7;2;30;4;2022;21;111;111;1;2;1;3;2;5;305,7617456832050;1
12877;2;2020;AT;1;4;1;27;4;2022;512;920;32;2;1;1;-9;1;-1;655,2037407497249;1
12877;2;2020;AT;2;7;2;30;4;2022;111;910;910;5;2;1;1;1;-1;305,7617456832050;1
12890;1;2020;AT;1;2;2;18;4;2022;611;-9;-9;2;1;2;-1;1;-1;613,8478984619460;2
12890;1;2020;AT;2;7;2;23;4;2022;611;-9;-9;1;1;2;-1;2;5;613,8478984619460;2
12977;1;2020;AT;1;2;1;4;7;2022;512;311;361;1;1;2;-1;1;-1;451,8128241939060;1
12977;1;2020;AT;2;1;2;10;7;2022;21;321;321;1;1;2;-1;1;-1;210,8459846238230;1
10802;3;2020;AT;1;5;2;16;6;2022;611;212;212;3;1;1;3;1;-1;1037,7258741864500;1
10802;3;2020;AT;2;1;2;5;6;2022;21;321;324;3;2;1;3;2;80;1037,7258741864500;1
10819;3;2020;AT;1;4;1;1;6;2022;821;211;212;3;1;-1;-1;1;-1;799,8645414649960;1
10819;3;2020;AT;2;7;2;11;6;2022;731;321;321;1;1;-1;-1;1;-1;373,2701193503320;1
10881;3;2020;AT;1;2;1;25;4;2022;21;212;212;3;1;-1;-1;1;-1;362,2851728306120;1
10881;3;2020;AT;2;1;2;1;5;2022;735;324;900;3;1;-1;-1;1;-1;169,0664139876190;1
13076;1;2020;AT;1;5;1;2;6;2022;-9;311;311;3;1;2;-1;1;-1;432,3620768854800;2
13076;1;2020;AT;2;1;2;5;6;2022;519;950;-9;1;2;2;-1;1;-1;201,7689692132240;2
10921;3;2020;AT;1;3;1;26;4;2022;619;211;211;3;1;1;2;1;-1;563,3567184830860;1
10921;3;2020;AT;2;1;2;1;5;2022;514;212;311;1;1;1;3;1;-1;262,8998019587730;1
10957;3;2020;AT;1;6;1;12;8;2022;11;325;-9;2;1;1;1;1;-1;1422,9207286916201;2
10957;3;2020;AT;2;7;2;13;8;2022;111;111;-9;2;1;1;1;-9;-1;664,0296733894240;2
13123;1;2020;AT;1;2;1;20;6;2022;344;-9;-9;1;1;1;1;-9;-1;691,1429266744919;2
13123;1;2020;AT;2;4;1;22;6;2022;344;-9;-9;1;1;1;1;-9;-1;691,1429266744919;2
10967;3;2020;AT;1;3;1;24;5;2022;11;211;920;2;1;-1;-1;1;-1;491,3360283755860;1
10967;3;2020;AT;2;1;2;12;6;2022;361;212;212;1;1;-1;-1;1;-1;229,2901465752740;1
10967;4;2020;AT;1;3;1;24;5;2022;11;920;920;2;1;-1;-1;1;-1;491,3360283755860;1
10967;4;2020;AT;2;1;2;29;5;2022;21;980;31;1;1;-1;-1;1;-1;229,2901465752740;1
13126;1;2020;AT;1;3;1;21;6;2022;21;-9;910;1;2;1;1;-9;-1;339,2445431695540;2
13126;1;2020;AT;2;5;1;23;6;2022;519;321;321;1;2;1;1;-9;-1;339,2445431695540;2
10983;3;2020;AT;1;4;1;4;5;2022;11;211;21;2;2;-1;-1;2;45;398,9600627918050;1
10983;3;2020;AT;2;7;2;7;5;2022;821;212;212;3;1;-1;-1;1;-1;186,1813626361760;1
13142;1;2020;AT;1;3;1;31;5;2022;-8;-8;-8;2;1;1;1;1;-1;1010,8826964148900;1
13142;1;2020;AT;2;1;2;12;6;2022;31;322;31;3;1;1;3;1;-1;471,7452583269470;1
13147;1;2020;AT;1;6;1;29;4;2022;-9;111;111;2;1;1;1;-9;-1;238,0302454195270;2
13147;1;2020;AT;2;1;2;1;5;2022;529;111;-9;2;2;1;3;2;3;111,0807811957800;2
11018;3;2020;AT;1;6;1;17;6;2022;615;-9;-9;2;1;1;1;-9;-1;1507,0483355141801;2
11018;3;2020;AT;2;7;2;18;6;2022;519;111;-9;2;1;1;3;-9;-1;703,2892232399490;2
11018;4;2020;AT;1;6;1;17;6;2022;519;-9;111;2;1;1;1;-9;-1;1507,0483355141801;2
11018;4;2020;AT;2;7;2;18;6;2022;519;-9;-9;1;1;1;3;-9;-1;703,2892232399490;2
11018;5;2020;AT;1;6;1;17;6;2022;-9;212;-9;2;1;-1;-1;1;-1;1507,0483355141801;2
11018;5;2020;AT;2;7;2;18;6;2022;731;422;-9;1;1;-1;-1;-9;-1;703,2892232399490;2
13162;1;2020;AT;1;2;1;11;7;2022;11;910;111;3;1;1;1;1;-1;1070,0641886357600;1
13162;1;2020;AT;2;1;2;17;7;2022;11;321;950;3;1;1;3;1;-1;499,3632880300210;1
13201;1;2020;AT;1;5;1;30;6;2022;615;910;910;2;1;1;1;1;-1;750,0324946266931;2
13201;1;2020;AT;2;1;2;3;7;2022;616;615;615;1;1;1;3;1;-1;350,0151641591240;2
13210;1;2020;AT;1;2;1;9;5;2022;619;910;111;3;1;1;1;1;-1;258,7675050266840;1
13210;1;2020;AT;2;6;1;13;5;2022;615;910;111;3;1;1;1;1;-1;258,7675050266840;1
13232;1;2020;AT;1;6;1;20;5;2022;522;960;960;3;2;1;1;1;-1;361,0248093574500;1
13232;1;2020;AT;2;1;2;22;5;2022;531;321;321;3;2;1;3;1;-1;168,4782443668100;1
13232;2;2020;AT;1;6;1;20;5;2022;619;111;11;1;1;1;1;1;-1;361,0248093574500;1
13232;2;2020;AT;2;1;2;22;5;2022;11;321;11;1;1;1;3;2;20;168,4782443668100;1
11105;3;2020;AT;1;5;1;12;5;2022;11;31;821;4;1;-1;-1;1;-1;800,0193884831100;1
11105;3;2020;AT;2;7;2;14;5;2022;519;31;324;5;1;-1;-1;1;-1;373,3423812921180;1
13260;1;2020;AT;1;1;2;7;8;2022;616;312;-9;1;1;2;-1;2;20;275,3632960471650;2
13260;1;2020;AT;2;4;1;10;8;2022;519;321;-9;1;1;2;-1;2;30;590,0642058153530;2
13271;1;2020;AT;1;2;1;11;7;2022;611;325;-9;1;1;1;5;1;-1;320,3005117648770;1
13271;1;2020;AT;2;1;2;17;7;2022;711;311;-9;1;1;1;5;1;-1;149,4735721569430;1
11142;3;2020;AT;1;2;2;18;4;2022;531;31;-9;3;1;1;3;1;-1;693,3126289775980;1
11142;3;2020;AT;2;3;1;19;4;2022;812;111;111;4;1;1;1;1;-1;1485,6699192377100;1
11149;3;2020;AT;1;4;1;27;4;2022;383;432;111;3;1;1;1;1;-1;1442,6228986389201;1
11149;3;2020;AT;2;7;2;30;4;2022;611;361;321;1;1;1;3;1;-1;673,2240193648300;1
11149;4;2020;AT;1;4;1;27;4;2022;511;432;111;2;1;1;1;1;-1;1442,6228986389201;1
11149;4;2020;AT;2;7;2;30;4;2022;31;940;411;4;2;1;3;1;-1;673,2240193648300;1
11149;5;2020;AT;1;4;1;27;4;2022;383;995;321;3;1;2;-1;1;-1;1442,6228986389201;1
11149;5;2020;AT;2;7;2;30;4;2022;381;361;361;1;1;2;-1;1;-1;673,2240193648300;1
13288;1;2020;AT;1;3;1;26;4;2022;11;910;111;3;1;1;1;1;-1;530,9591715526130;1
13288;1;2020;AT;2;7;2;30;4;2022;512;321;311;3;1;1;3;1;-1;247,7809467245530;1
13300;1;2020;AT;1;2;1;27;6;2022;341;-9;-9;2;1;2;-1;-9;-1;1018,3368582757000;2
13300;1;2020;AT;2;7;2;2;7;2022;611;-9;-9;1;2;2;-1;3;-9;475,2238671953280;2
13322;1;2020;AT;1;2;1;9;5;2022;821;910;960;2;1;1;1;1;-1;569,8159575489570;1
13322;1;2020;AT;2;1;2;15;5;2022;11;311;616;1;2;1;3;1;-1;265,9141135228470;1
13322;2;2020;AT;1;2;1;9;5;2022;733;311;311;3;1;2;-1;1;-1;569,8159575489570;1
13322;2;2020;AT;2;1;2;15;5;2022;31;31;11;3;1;2;-1;1;-1;265,9141135228470;1
13345;1;2020;AT;1;2;1;30;5;2022;31;111;936;3;1;1;1;1;-1;1156,4398507269600;1
13345;1;2020;AT;2;7;2;11;6;2022;21;900;721;1;2;1;3;2;10;539,6719303392480;1
11270;3;2020;AT;1;5;1;15;9;2022;711;212;212;3;1;1;3;1;-1;760,7903996026801;1
11270;3;2020;AT;2;1;2;18;9;2022;713;212;31;3;1;1;3;1;-1;355,0355198145840;1
11352;3;2020;AT;1;5;1;18;8;2022;821;211;211;3;2;2;-1;1;-1;1089,3519437985101;1
11352;3;2020;AT;2;7;2;20;8;2022;611;31;615;3;2;2;-1;1;-1;508,3642404393060;1
11352;4;2020;AT;1;5;1;18;8;2022;531;213;31;2;1;1;1;1;-1;1089,3519437985101;1
11352;4;2020;AT;2;7;2;20;8;2022;511;213;31;2;1;1;1;1;-1;508,3642404393060;1
13513;1;2020;AT;1;2;1;26;9;2022;11;910;111;4;2;1;1;1;-1;223,5370350312750;2
13513;1;2020;AT;2;1;2;2;10;2022;611;321;321;3;1;1;3;1;-1;104,3172830145950;2
11398;2;2020;AT;1;3;1;2;8;2022;514;900;524;3;1;-1;-1;1;-1;699,2568658477950;1
11398;2;2020;AT;2;1;2;7;8;2022;531;21;11;1;1;-1;-1;1;-1;326,3198707289710;1
11419;3;2020;AT;1;3;1;13;9;2022;344;32;31;1;1;1;1;1;-1;1156,7637647613501;1
11419;3;2020;AT;2;1;2;18;9;2022;21;31;31;3;2;1;3;1;-1;539,8230902219650;1
13556;1;2020;AT;1;6;1;29;7;2022;939;321;321;3;1;2;-1;1;-1;412,8567971467720;1
13556;1;2020;AT;2;7;2;30;7;2022;21;324;950;3;1;2;-1;2;30;192,6665053351600;1
13578;1;2020;AT;1;4;1;31;8;2022;11;111;910;2;1;1;1;1;-1;350,2081241549880;1
13578;1;2020;AT;2;7;2;3;9;2022;31;910;111;2;1;1;1;1;-1;163,4304579389940;1
11493;3;2020;AT;1;4;1;9;11;2022;920;920;211;2;1;1;2;-9;-1;441,0820967301030;2
11493;3;2020;AT;2;7;2;29;10;2022;519;361;31;1;1;1;3;-9;-1;205,8383118073810;2
11493;4;2020;AT;1;4;2;26;10;2022;-9;-9;515;1;1;-1;-1;-9;-1;323,4602042687420;2
11493;4;2020;AT;2;7;2;5;11;2022;732;-9;361;1;1;-1;-1;-9;-1;323,4602042687420;2
11502;1;2020;AT;1;4;1;7;9;2022;729;111;111;3;1;1;1;1;-1;1471,9389765098001;2
11502;1;2020;AT;2;1;2;11;9;2022;21;-9;-9;2;1;1;3;1;-1;686,9048557045730;2
13626;1;2020;AT;1;3;1;18;10;2022;32;995;995;4;2;2;-1;1;-1;1932,1966117469401;2
13626;1;2020;AT;2;7;2;22;10;2022;-9;995;995;4;2;2;-1;1;-1;901,6917521485740;2
13626;2;2020;AT;1;3;1;18;10;2022;411;900;-9;2;1;1;1;1;-1;1932,1966117469401;2
13626;2;2020;AT;2;7;2;22;10;2022;-9;-9;-9;1;1;1;3;1;-1;901,6917521485740;2
13626;3;2020;AT;1;3;1;18;10;2022;411;211;920;3;1;1;-9;1;-1;1932,1966117469401;2
13626;3;2020;AT;2;7;2;22;10;2022;519;-9;910;2;2;1;1;-9;-1;901,6917521485740;2
13628;1;2020;AT;1;4;1;31;8;2022;615;321;-9;3;2;2;-1;1;-1;1074,6416484928600;2
13628;1;2020;AT;2;7;2;3;9;2022;613;311;-9;2;1;2;-1;2;50;501,4994359633360;2
11511;3;2020;AT;1;4;1;7;9;2022;11;311;343;3;2;1;3;1;-1;1236,4905539818801;2
11511;3;2020;AT;2;7;2;10;9;2022;-9;11;324;2;2;1;3;2;-9;577,0289251915440;2
11511;4;2020;AT;1;4;1;7;9;2022;611;312;111;2;2;1;1;1;-1;1236,4905539818801;2
11511;4;2020;AT;2;7;2;10;9;2022;361;31;111;2;1;1;1;-9;-1;577,0289251915440;2
11511;5;2020;AT;1;4;1;7;9;2022;-9;11;311;4;1;2;-1;1;-1;1236,4905539818801;2
11511;5;2020;AT;2;7;2;10;9;2022;31;11;311;3;1;2;-1;1;-1;577,0289251915440;2
11546;3;2020;AT;1;2;1;3;10;2022;519;211;31;2;1;-1;-1;1;-1;215,4432990995960;2
11546;3;2020;AT;2;7;2;8;10;2022;734;321;321;1;1;-1;-1;2;10;100,5402062464780;2
11546;4;2020;AT;1;2;1;3;10;2022;211;614;211;2;1;-1;-1;1;-1;215,4432990995960;2
11546;4;2020;AT;2;7;2;8;10;2022;525;321;321;1;1;-1;-1;2;10;100,5402062464780;2
13667;1;2020;AT;1;4;1;21;9;2022;313;311;-9;3;2;2;-1;1;-1;1009,9287929824000;2
13667;1;2020;AT;2;1;2;25;9;2022;611;-9;-9;2;1;2;-1;1;-1;471,3001033917880;2
13704;1;2020;AT;1;5;1;6;10;2022;11;321;111;3;1;1;1;1;-1;166,8888866746270;1
13704;1;2020;AT;2;1;2;9;10;2022;383;321;311;3;1;1;3;1;-1;77,8814804481591;1
11604;1;2020;AT;1;5;1;22;9;2022;512;729;729;1;1;2;-1;1;-1;1544,6964134489799;1
11604;1;2020;AT;2;1;2;25;9;2022;383;324;432;1;2;2;-1;1;-1;720,8583262761910;1
13732;1;2020;AT;1;5;1;20;10;2022;611;512;615;2;1;2;-1;1;-1;226,6105626157230;2
13732;1;2020;AT;2;7;2;22;10;2022;512;512;-9;2;1;2;-1;1;-1;105,7515958873370;2
13766;1;2020;AT;1;3;1;30;8;2022;523;611;311;3;2;2;-1;5;320;326,2550132388430;1
13766;1;2020;AT;2;1;2;4;9;2022;611;312;980;1;2;2;-1;5;500;152,2523395114600;1
13766;2;2020;AT;1;3;1;6;9;2022;11;111;111;2;1;1;1;1;-1;326,2550132388430;1
13766;2;2020;AT;2;1;2;11;9;2022;11;519;311;3;2;1;3;1;-1;152,2523395114600;1
13771;1;2020;AT;1;3;1;16;8;2022;512;332;-9;2;1;2;-1;1;-1;200,1379630102940;2
13771;1;2020;AT;2;1;2;21;8;2022;512;312;311;1;2;2;-1;1;-1;93,3977160714704;2
13786;1;2020;AT;1;5;1;21;7;2022;529;960;960;1;2;1;5;1;-1;543,7068935556750;1
13786;1;2020;AT;2;7;2;23;7;2022;519;960;960;1;2;1;5;1;-1;253,7298836593150;1
13805;1;2020;AT;1;6;1;2;9;2022;424;321;311;1;2;2;-1;1;-1;538,6909408519250;1
13805;1;2020;AT;2;1;2;4;9;2022;531;321;321;3;1;2;-1;1;-1;251,3891057308980;1
13809;1;2020;AT;1;2;1;19;9;2022;-9;321;-9;1;1;2;-1;1;-1;613,9529263651920;2
13809;1;2020;AT;2;7;2;24;9;2022;531;321;-9;3;2;2;-1;1;-1;286,5113656370900;2
11732;3;2020;AT;1;3;1;4;10;2022;21;212;212;2;1;1;2;1;-1;857,3445409617040;1
11732;3;2020;AT;2;7;2;8;10;2022;21;212;212;3;1;1;2;1;-1;400,0941191154620;1
11732;4;2020;AT;1;3;1;18;10;2022;21;212;212;2;1;1;2;1;-1;857,3445409617040;1
11732;4;2020;AT;2;7;2;8;10;2022;611;212;212;3;2;1;3;1;-1;400,0941191154620;1
13846;1;2020;AT;1;4;1;5;10;2022;519;324;111;3;1;1;1;1;-1;442,5418140350250;1
13846;1;2020;AT;2;1;2;9;10;2022;519;324;411;3;2;1;3;1;-1;206,5195132163450;1
13853;1;2020;AT;1;3;1;16;8;2022;341;311;-9;3;1;2;-1;1;-1;809,8312876671210;2
13853;1;2020;AT;2;1;2;21;8;2022;529;311;-9;2;1;2;-1;2;5;377,9212675779900;2
11769;3;2020;AT;1;2;1;12;9;2022;11;719;31;3;2;1;3;1;-1;2110,4521453432799;1
11769;3;2020;AT;2;1;2;18;9;2022;11;821;612;1;2;1;3;1;-1;984,8776678268659;1
11769;4;2020;AT;1;2;1;12;9;2022;531;219;21;2;2;1;2;1;-1;2110,4521453432799;1
11769;4;2020;AT;2;1;2;18;9;2022;519;321;324;3;2;1;3;1;-1;984,8776678268659;1
11769;5;2020;AT;1;2;1;12;9;2022;811;920;31;3;1;-1;-1;1;-1;2110,4521453432799;1
11769;5;2020;AT;2;1;2;18;9;2022;732;344;344;1;1;-1;-1;1;-1;984,8776678268659;1
13906;1;2020;AT;1;6;1;7;10;2022;424;-9;-9;1;1;2;-1;1;-1;247,0744780718200;2
13906;1;2020;AT;2;1;2;9;10;2022;611;300;-9;-8;1;2;-1;1;-1;115,3014231001830;2
13943;1;2020;AT;1;3;1;16;8;2022;519;910;111;2;1;1;1;1;-1;552,7154111571240;1
13943;1;2020;AT;2;7;2;20;8;2022;526;960;960;1;2;1;3;2;45;257,9338585399910;1
11850;2;2020;AT;1;2;1;10;10;2022;211;920;212;3;1;1;2;1;-1;1062,7779384230801;2
11850;2;2020;AT;2;7;2;15;10;2022;960;-9;-9;1;2;1;3;-9;-1;495,9630379307710;2
13996;1;2020;AT;1;2;1;5;12;2022;519;31;-9;3;-8;2;-1;1;-1;788,6709623218110;2
13996;1;2020;AT;2;7;2;10;12;2022;731;31;-9;3;1;2;-1;1;-1;368,0464490835120;2
13997;1;2020;AT;1;2;1;5;12;2022;939;936;321;3;1;2;-1;1;-1;676,9505476642900;1
13997;1;2020;AT;2;7;2;10;12;2022;939;361;361;3;1;2;-1;1;-1;315,9102555766690;1
13997;2;2020;AT;1;2;1;5;12;2022;531;910;111;2;1;2;-1;1;-1;676,9505476642900;1
13997;2;2020;AT;2;7;2;10;12;2022;32;31;31;2;1;2;-1;1;-1;315,9102555766690;1
13997;3;2020;AT;1;2;1;5;12;2022;519;920;920;3;1;2;-1;1;-1;676,9505476642900;1
13997;3;2020;AT;2;7;2;10;12;2022;611;212;212;4;2;2;-1;1;-1;315,9102555766690;1
14033;1;2020;AT;1;2;1;19;12;2022;-9;-9;-9;1;1;2;-1;-9;-1;371,3585367477940;2
14033;1;2020;AT;2;7;2;24;12;2022;-9;-9;-9;1;1;2;-1;-9;-1;173,3006504823040;2
14060;1;2020;AT;1;4;1;23;11;2022;821;111;910;2;1;1;1;1;-1;121,3745557469530;1
14060;1;2020;AT;2;1;2;27;11;2022;519;950;950;1;2;1;3;3;150;56,6414593485779;1
14101;1;2020;AT;1;4;1;30;11;2022;821;321;111;3;1;1;1;1;-1;136,2404103470290;1
14101;1;2020;AT;2;1;2;4;12;2022;821;381;381;1;1;1;3;1;-1;63,5788581619469;1
14103;1;2020;AT;1;2;1;7;11;2022;21;111;111;4;1;1;1;1;-1;307,9297885663860;1
14103;1;2020;AT;2;1;2;13;11;2022;21;111;111;3;2;1;1;1;-1;143,7005679976470;1
14108;1;2020;AT;1;5;1;1;12;2022;611;321;512;3;1;2;-1;1;-1;106,0154599615510;1
14108;1;2020;AT;2;7;2;3;12;2022;21;429;425;1;1;2;-1;1;-1;49,4738813153903;1
11969;3;2020;AT;1;6;1;2;12;2022;739;211;920;3;1;-1;-1;1;-1;541,5115194070240;1
11969;3;2020;AT;2;1;2;4;12;2022;821;12;12;5;2;-1;-1;1;-1;252,7053757232780;1
11969;4;2020;AT;1;6;1;2;12;2022;11;211;211;1;2;-1;-1;1;-1;541,5115194070240;1
11969;4;2020;AT;2;1;2;4;12;2022;11;212;212;1;2;-1;-1;1;-1;252,7053757232780;1
11976;2;2020;AT;1;4;1;30;11;2022;361;31;361;1;1;2;-1;2;20;773,5860643441840;1
11976;2;2020;AT;2;7;2;3;12;2022;831;311;312;1;1;2;-1;1;-1;361,0068300272860;1
14120;1;2020;AT;1;5;1;17;11;2022;611;321;361;3;2;1;3;1;-1;961,8815221494500;1
14120;1;2020;AT;2;7;2;19;11;2022;21;910;910;2;1;1;1;1;-1;448,8780436697430;1
12043;3;2020;AT;1;4;1;7;12;2022;11;920;211;2;1;-1;-1;1;-1;184,9659595978380;1
12043;3;2020;AT;2;7;2;10;12;2022;344;212;212;3;2;-1;-1;1;-1;86,3174478123244;1
12043;4;2020;AT;1;4;1;7;12;2022;211;211;212;3;1;-1;-1;1;-1;184,9659595978380;1
12043;4;2020;AT;2;7;2;10;12;2022;731;321;31;3;1;-1;-1;1;-1;86,3174478123244;1
12045;3;2020;AT;1;6;1;2;12;2022;831;211;212;3;1;-1;-1;1;-1;323,7420544539630;1
12045;3;2020;AT;2;7;2;3;12;2022;831;212;31;1;1;-1;-1;1;-1;151,0796254118490;1
12055;3;2020;AT;1;4;1;7;12;2022;221;212;212;4;1;-1;-1;1;-1;207,3209689547320;1
12055;3;2020;AT;2;5;2;8;12;2022;311;212;212;4;2;-1;-1;1;-1;96,7497855122082;1
12117;3;2020;AT;1;2;1;28;11;2022;512;211;920;4;1;1;2;1;-1;291,3619050693770;1
12117;3;2020;AT;2;1;2;4;12;2022;519;950;950;1;1;1;3;2;10;135,9688890323760;1
12117;4;2020;AT;1;2;1;12;12;2022;21;920;920;2;1;-1;-1;1;-1;291,3619050693770;1
12117;4;2020;AT;2;1;2;11;12;2022;512;212;950;1;1;-1;-1;1;-1;135,9688890323760;1
12165;3;2020;AT;1;3;1;15;11;2022;821;211;211;3;1;1;2;1;-1;259,1892143677090;1
12165;3;2020;AT;2;7;2;19;11;2022;11;615;960;1;1;1;3;1;-1;120,9549667049310;1
14260;1;2020;AT;1;2;1;21;11;2022;733;910;910;2;1;1;1;1;-1;484,6333939600440;1
14260;1;2020;AT;2;1;2;27;11;2022;611;900;900;1;1;1;3;1;-1;226,1622505146870;1
12203;3;2020;AT;1;3;1;25;10;2022;735;32;920;2;2;-1;-1;2;90;668,3910029426280;1
12203;3;2020;AT;2;1;2;30;10;2022;21;31;31;1;1;-1;-1;1;-1;311,9158013732260;1
12203;4;2020;AT;1;3;1;25;10;2022;735;900;920;2;2;-1;-1;2;90;668,3910029426280;1
12203;4;2020;AT;2;1;2;30;10;2022;711;212;21;1;1;-1;-1;1;-1;311,9158013732260;1
12203;5;2020;AT;1;3;1;25;10;2022;531;920;343;2;1;-1;-1;1;-1;668,3910029426280;1
12203;5;2020;AT;2;1;2;30;10;2022;531;212;212;3;1;-1;-1;1;-1;311,9158013732260;1
14289;1;2020;AT;1;4;1;14;12;2022;519;-9;-9;3;1;1;1;1;-1;979,7571872781070;2
14289;1;2020;AT;2;1;2;18;12;2022;-9;-9;-9;1;1;1;3;-9;-1;457,2200207297830;2
12222;1;2020;AT;1;6;1;16;12;2022;513;32;111;2;1;1;1;1;-1;869,0201173519330;2
12222;1;2020;AT;2;1;2;18;12;2022;611;312;-9;1;1;1;3;1;-1;405,5427214309020;2
14299;1;2020;AT;1;3;1;6;12;2022;734;31;111;2;1;1;1;1;-1;320,0283455530660;1
14299;1;2020;AT;2;7;2;10;12;2022;512;31;31;2;2;1;3;2;100;149,3465612580980;1
14315;1;2020;AT;1;5;1;3;11;2022;514;32;32;2;1;2;-1;1;-1;496,1709349624920;2
14315;1;2020;AT;2;7;2;5;11;2022;513;354;611;1;2;2;-1;2;60;231,5464363158300;2
14337;1;2020;AT;1;3;1;29;11;2022;11;111;111;2;1;1;1;1;-1;117,8304717324820;1
14337;1;2020;AT;2;7;2;3;12;2022;713;321;311;3;1;1;6;1;-1;54,9875534751582;1
14337;2;2020;AT;1;3;1;29;11;2022;821;31;31;3;1;1;2;1;-1;117,8304717324820;1
14337;2;2020;AT;2;7;2;3;12;2022;321;212;515;1;2;1;3;1;-1;54,9875534751582;1
